Address,Balance
osmo1vgqux432mjdtzax3rdnrcsjjfmnyaqxgpux0yy,213650935
osmo1vm42vs2e2tjhwvkjvsue04ntuuag8p7y5wnt2q,75099
osmo1j08lw97qg8ksa7ysv7445nueuesyzk9pft03g4,6684946222
osmo15q3wnqjvuxcwc843q5nnacux6xhm4h90pahk6m,65897247184
osmo1kv7whgzaclrqru26fgfuusgnyjspytded94rqq,9358106
osmo1rzlnl0yjuztvm7ctkmhc3aj9pyash66nz4um6x,338639250
osmo19xv2xgxlzack8sxs300cpkfhrh6csz7yddey85,778
osmo12v9guxre3v58ravh9rf0k8ualsspt4aktj8zwk,629117821
osmo1ersdsramdje39y2ekh9km4wezjlhslya6xxpcx,622020948
osmo1euzyju46hkp0mmvj4mm9nsurgkcv2yxcgezgm0,3333
osmo1udsfr3ace8xpw8m5cyam2832mxz92sqcyfla5t,375508698
osmo1u0kseh8dkah6am9gwacnatvm7gu7qqql5n377m,73322653019
osmo1qgp768ecgct4dhnx8xy7297c5ny8gkg435kzkv,18682532
osmo1wdyd706hl8n2m735q9sj605h7tx0tgvarpgmk7,155061436507
osmo1mrm47n7v5ehktslprgahpuqzdj8scklxc79lkn,5014660516
osmo1wspw3lsw758m9hg7tpdnewuxp6tjycmjurenu2,1660174859
osmo15yef0fdf5e9z4ycd7v7p59g99t09wdxg72rumj,1049545485375
osmo1qmydf26shsgenra78ns6v8e965f0dfdlhevlj5,969153064
osmo1z5tq60s9zxu339j9pvdud4qeaued0xptx8pu6j,857206
osmo1xz66rhw4q9r6eq6q25xe3fpt5m2ew3er8lc2yv,362860230
osmo142f043qjhlgr5ug3p26pu0ukmqt5tlszx9d4cp,1041939
osmo1svgrg5gztq5a5643vr4wuy0q22gugeqnree6xl,1260000000
osmo1jvrnq4dm3p4juc9zqu8wujxnpgtshjnujhg03u,36757851982
osmo1428e4mg259nsk4kk4cwgt7ycjxdcryn2a4vejn,129086
osmo13lzly6934ymemk6k3tzvlu3tl7v7gzq3tz48aw,21866481248
osmo16tetsna56vlwft49jsgls8fjt6ydt8rc7zeezh,250335029710
osmo1uvathplpd073n5jqkvcelk6fcsv4j82vmrshrr,119176541
osmo1z970jh75wzzv0zasqekhdxmaxkmzvt6a38v3rz,945392746
osmo1tpm8nmw8qsg9tvs830fk5f0hdzh9zl2jatk04u,53704866
osmo1vthzu9rj65v6lhu3mx89ekyvahccd3n978v0zt,1530000000
osmo1h068skumt7ukrkxcsrt9g22xnzrlqx3e5l7tlv,39449706
osmo1lh2auqtkyeay24msy77l3yauuhn4jgq3vs4w5p,131139627
osmo1lmvp3qkhhlzx7mg9em08pswuq8evqcmqyhzeen,34029598338
osmo1v97r4mzcy5tms3ctwfzwrndw56l8eu25uz4fhv,390633409524
osmo1jcph43a79jd62n532z0p5z89dphzg63c7fqh4u,490488930
osmo1n5dntz7l99z7gxrm4ledgny9ryq399hxqdapxq,622800718
osmo1teyxdfr5jvk88kgv6e94mqh2wzhgteesq4n0kv,41000064050
osmo1awqgtzpcmuknw0xry4z370pyhzlns4lly6rmzu,3486799924
osmo1awnptrwhlmx7uqgfumvmqjhgdkzerxql2qe6qe,1042073198
osmo1flhwl2st6dg0x3dzw2lwwdvrgm5sf8vsn6klu9,490829
osmo1vjdwjuxxtn3n5g532l6tkzmrv6xpyux0ejquye,1286260
osmo1dhdhgj69vhcdxa44tx00583mlw905jzmu56ret,199995969
osmo1whhu8wv3rm327el248f5t6ka4auv0fderzvjp5,821771050
osmo1mzr7ctrdsappa4dgv9h4w32urywcsf9xxwtuuf,141829275
osmo1q5lmqaytm9v3k2qjjnyahttfxlym4a9gpsewh9,4108790747
osmo1yvehzsac0gd8vxge3q3m3le8a6h63rl8gqhjc4,23529324
osmo1grqt2rdxktjtc7s9cckh7e9j32gz08eck25ewj,999975450
osmo1kangv2tlx0zs32xefgzrtdhn6v4ru0xcj6jzyl,133207
osmo1htjxte2vavgv25mj6a9x2905dtrzcnvn502uzz,55000000
osmo1es9af5w377rmy98ys7e59v3njhswmd3m9ef40g,6080150470
osmo1ecde6unkj4dhk5p3vy5hq43qq2fzzn622f0v3t,132900000000
osmo166jymkhyuyld6l63clhwrp2fup80rq6445nlt7,2235
osmo198xgde4nuzhnm2ll8e7n9p3q74mkads0ku9wu0,1242506333
osmo1xl5j5egqm63nnxluxtz6v7k7vxwp57lceepe9g,802108
osmo12dzut7g6pkldsl35rjcrtk6nknkatcq05t8lld,33530873
osmo1sgty7evfrlx7a32dzl76zrp0l2f2exdhu86ttv,57219802
osmo1krz2jjuqcry28rz6u43hkenr43euqj8ndkyh44,1
osmo1k6r92xxk284gzd3v2eqt0ff72wtdh8v44r7xzg,85075801497
osmo1rt6d67zpgpzrx9eur0j7p0gmkxzycqhrgm2036,325058360
osmo1y0wqjvehlc3gyl00p6v7j2ja6q3xflzaqamllx,29565838135
osmo18wzrerlnpgw2w7rg6kmpfn0nuft0v92ja83zgp,6215
osmo1sw6zg0the4mcpacy972yrnv8w2vzn9l83ar8t0,341269769
osmo1s0eqga8zka8kqllulejv3ntlqjy3jx36zalunp,1197693
osmo13qxles3d70xsvp2yae0qaaf4vzlllt3jj7p0cj,5624996
osmo17rm473lvrkcrgllu7jpz6gsrp6w2zp0t6w5hac,257956850
osmo1l4urwpugzxtn56amd52ffzgp4t750dsprwh2es,319975
osmo195n6vtzvy0c3045wyhzakn8cw5n07wgxdtf7ym,6522723
osmo1f30gmjqxnxyentfdg40fcnfppn55x5ffchq0hm,986373463
osmo1ts2pntvce7rklxsc9fuuq37gay80940qpnnppj,1189182211
osmo1m5cuh393va5a3nctz0rt5qkx46nsskuqpehanp,10000000
osmo1aj04527mtnpfjxvzjrqgr52gfj66h3qjrwy7qj,805
osmo1w6q2pq328cnt90gsvk9cyy5gzj362p75lwca4k,176656772580
osmo1w7jnz5jppd2v7e9h34gmgdcqh8897rv9v4njs0,135000000
osmo1khp375z9z5ra5zglmvvvd7egeg8gx0ee5ergdh,123962875
osmo18dhtsvjsasz9qfjh7qfnv40zsge5eecu84xsph,53480
osmo10kwkyvdxt6gf6sykjk577ft5kzdk0d3sexd89s,9849981167
osmo1hfm4890fz0tcsafgahmyms0gqhjk76p5899lvl,845801002
osmo1qkakstfnwsxg0ntmpna9lyu9lmwge3fnnhcs3t,6816992200
osmo1prhuaxydkxq3m3trcq0smysljlftxgrkn2wjnh,396773817
osmo1x2am06w9g5upzlemz2p87w4254xerm5254achu,26940590376
osmo1yas4uf89c3v33gun2xd44paau3cfvwarwfsuj0,999999
osmo1df7n2g0gvqeeg47qhpyzdge6dslnujvy8alxdu,2273827308
osmo1c497zfps8ljk0jhjhnj27d0kw7mne0ua528mh3,785633
osmo1q7wnmjs3xcmvhj94z5fp2ud2yrc2qtrxm4qr9a,6046118
osmo1zzd59etmzacz3rxs94w2gjzk4w6rd2yqudjvrv,21092308437
osmo1za42cqefcj0wchfvslwy34p4cmx2uemseud3vx,300831035
osmo13ee8mf4zpkgkv54gvy9nt8sech5rqq8hlvp9lu,5690670660
osmo1a9fzsszllgx33u7wxg9ew5rkhnz2latn3mewqd,9999999
osmo1rppl08a36u0hjww7p02c5d79mdkgegcxwpuw3r,3714524646
osmo1rx95rrjmmcdmyq5ys9m54l3ewl8n7lvuhnqe7g,472255012
osmo1yh8xjzwsfphlzf5dcal48r9r7m2d5h0rffjz83,6331939453
osmo1axag3ktwcstqy43ygjxzpcskqwnydt8kgnyg2c,120260941
osmo1au8undkhgp0uqa0l60d5wjgyjgldmhan9myk2f,985861068
osmo1xa62t6jes96usavk2hmxltssswwptmw33jhsrp,2518558841
osmo1fwrdyu089snfj464cwpant96fuzf4xpkjj4lpg,244409210
osmo1cnvggq7thpdztvlq55vcypq95h2m0mxk5swfku,628862368
osmo12t99avgep6y5suz87p0xnzk7fdff4dj3qzqte8,698066430
osmo1hmyql64eynzeygy4nxd90tqh4d99xl37nnaaud,1
osmo17hgqrvhgpk4fc4c4ennmeyjmr2k4t73c5wxj7d,8193750628
osmo1f5da8843g7r43gknzqdm9zrf3tdmk5dz5seldg,749321115
osmo1tscg4ugcvfjshde54d4uvnhmlha0z0v8jrc40n,50126510
osmo1vdhpc2e8k6u8svkxc0tnfs38j4x2gdsj24fzqa,10002005855
osmo147cq9ae52gmzn9x7vzly7a69hr2hwx06qz44um,162428322101
osmo1qhlmw8dxf4vwdf5xkwnc0wfyyqefqmk034qfjf,1294359
osmo1rayg8nv8g2ujrde883xm34z8xst89wvgqtj374,7957051833
osmo1r7sp8qf07jtj437tcz47jpthlqw3ffthlvdjjy,378304159
osmo1y4f5hghlfftvnwsautsy2h6smfnguxlu77gjte,371627690
osmo1v0ulf080nvcfu36ln8t6rkr4mg45mks3uzs8qt,1250885
osmo1vjmcjwymesp5temynnquxww3r6vg5v27p27a7w,109234
osmo1wx33kqfj0zs3kpsu90resx5e7zn9v5khqh5wsd,1852715
osmo1k88h5qv5qekzrtq7p5rn5pyp5exc7rnpms38y0,110995167742
osmo1qly96sy3yklkwv6cf4he5ves4qu8yn58jnqsyy,100000000
osmo1ywzuhny78uhuqvlc5ffcyycaup95twrlsmpmmf,23443700498
osmo1y0qu8xgv9dm39pap5l52putj433rw4grv88f6m,9432974450
osmo1evfcg5u75f39y2gm8lvr88v25t88ul3ns4zd9r,16433101286
osmo179xumllgnqec2wyykn8dwdhusu2clysxq8m6qr,15531909851
osmo1cc8letqg84mse0ghyvs4mjfqljvc2awd6muz37,14678736516
osmo1a0wawdhpl8zf4cwslmn47xhrtwp2hx9tkr2ghg,9000000
osmo1th48kysdf9ruazjpzxqcezhjshj2gyyexnf36n,7359048
osmo1sdhal4ddnqnnqp8d5ymz3nzh9utsw2el2de6vv,2472
osmo1cjzdhczqjwv3x3hr880jagla03t0wyy63qs283,1080
osmo1qp8k2gkxwkwnrshpa2ty02qv7dm7jzq8jayrgg,899448388
osmo1r23f02p0yvmlj58vc4hq726udd64s0v2yz2k6j,1014863511
osmo18dy8jafndmdexea7z3q3ap30sud0lnwfhrtl9g,19473021942
osmo1sdkwqdys653gnhxnc49es0m66tqx5q3mfjcwkh,55751995450
osmo1jrr2ak54fg2pr63mlmsmpq2se04n4scdqhql6c,13517
osmo1nh8r3fka9amu4dvzf5r3lsyyx8xqm74cgupkf4,65934239
osmo1hw2z867lxccnmafh5fkuvzwfl8a4za22mf64xa,1973756878
osmo1p9anucyfm7y0vq8lx02yuuw5rlk9c5fl4z9k4m,583948605
osmo19wtf7cprxt8sw9j0ugz35t65xt68epxg3688vh,183115000
osmo1xgjzjc88e9zszldzdvzwmsgl56tjhe00zcqzly,53508775147
osmo1mvqa44l3v6zktup920g57u5z38395zzfd8uxmz,1759850329
osmo16x03wcp37kx5e8ehckjxvwcgk9j0cqnhm8m3yy,125235202724
osmo1zh78mfn5y2ep9rcktcm77mm93c20v39fk25rvk,2715990418
osmo10jvwfyv02ct5cne3j8qkdz6j3p99t4jcaxy3wk,4163054299
osmo1spc9r5lgnflv5zh3dc3npq5qwmy9qc93dq7fcq,1012490741
osmo1h5ycaxfms2xw06vw0dfpwgtku5wghmdvqyjyhq,124870168
osmo19wudccumhqhug2jkrvzp0tvum7ukr0sjwekqhg,302148536
osmo1sdjrt7jtgdqt0vfu7wgeec33cmlzr6y7n6ljz8,1837000000
osmo155cprx8su89u09kejec2p50pjhlwverkf7e4kp,47000000
osmo16qvszgk5xhfx8tmtx95n4lnqsuk00xx6ajdaux,433120116
osmo17x7a9n4tvj50s4wutv09vs6nluww6zla7ywh5n,4382428531
osmo17hsa8rrwm7ryk0kjpyen954734rxg3lhuuhqvx,20494532141
osmo1t33ejq53gnqxxphj8cn530vnwn9fhss88l0h4t,2093858384
osmo10lhl25cq45h396q2vt2js4dvua5dxz0lyl2kng,82969644656
osmo13uup3md785lsd74aws4hx2et052mferw8n6yat,60871896995
osmo1u5r0j0jytzk2c5z5wswlzy4h385elwwx9j9clc,15853972
osmo17f293lk6f4kvrf34vpkqfrasknm5qs2h3wawyc,6373964698
osmo1fhs384fxzqcc2jw63hktfdlpfushzs5qytcg9j,1162883626
osmo1tcfmmqrxrckeqx4du2yt2h7dygeu402sjgj7rh,59102633
osmo1nwxrnkwskn2smzr09mx3kv9gg6lqzmva8m5n8u,78000000
osmo10clny2fsmhyftqun5x330qhgaurmuakvy70flt,42231447031
osmo1j347j6uaktmyrs76wn4h6nfe2qtrvclplnhuz0,1097207377
osmo1m3mf2t06jz8u5vf9zx8rahwfdnes9x3n738zpx,3740
osmo1rxm732r6t29fmhcgvy4uzrulamxn0lj4sz63rs,6352161604
osmo1c5qt46w636me3n30m03y4e9glkqfr9lxgrhrgf,143008542
osmo1ypf4z3e77y3rufas768h3gr00kswug0euwz0tk,324981211
osmo1nd86lwg7se890hau65eeq6ru9cxunc53wxeux0,14481053
osmo1mdc2va855zu5s5n37k3yt3ag7ur06nkn0rf666,490682583
osmo1sz8t9sm3pwgeqdfkzm4jgwlkuqjaud0f2ym2kn,361190508
osmo1kstnxtf475n2sv5vnmq9t32dhxju535c4tgyrc,9976216977
osmo1cg04munrjk3juf7uqy24hwq8hut4nmeusyhhfa,1513673715
osmo1dshe6gyn987mkqcxqezx0g3qv56zav3xjx33ed,6751974
osmo1w875kdjh3yxxdurrctu2ze7hjm8mdp9qwtefnz,1
osmo1s7kj8q23kkz2jcfuurrdl7d759lw9m58293c7k,5688853987
osmo15dymd0ms29fgngte4n7aadeapyjvx6tqdfmqxt,158152011
osmo14xw49jyvysl3809ztckstdf4xg6k3yhf4t54ru,3908925967
osmo1qp2mr067tlpldugg4nkqcze6680uhrs2wlghnt,373034282
osmo19n3t99nry8ktrm59d5x5x2vj2czwckk6fhme86,5226751085
osmo19h9enj6pefn580f3a9ua4lhzdgl6lsxfzygvj7,20874535376
osmo14rcn5s80v2fthgzw0pkvkwgke4ss8ew8xw0wml,999996
osmo16wrw57quag5rtr3jsehquct92du4e4p8cfu3gq,88858138
osmo10vwgra9glpwdpk79qjjz6h2caj9yel8ysj43k0,390883417
osmo18a6aqwqmm2ltfjkh4w8ya0z5yx5grra3tq7mma,167550378
osmo12tm47mx4uuzp7sajrt3wnu7e32drdpy8xskgku,1724679039
osmo1vd3l3plh0q8y2234kg8zk02d8fg6jf87zsnk54,1847582711
osmo1g08qc9lvcwyg6wqal6ptg0wtn8snftj99dly4c,1326730657
osmo1vt6v3u2kdhpcap8urvl5frj6rzgzs0wth8qwvc,580648345
osmo10l74f3uxy7ce6pvnkadahlnzd7du6p7ffqh6gx,37783325600
osmo1syqpwkdhs6ey9z3vsm0eww4uad6h5jtav3kzv0,42702597413
osmo14tmyhnktwanccx42f6fnwhawehxze92k8zvf7w,82897492
osmo16lvj0lyr6897zr2n8psa2esv09ewaelcd0tqvt,49456079
osmo1rc0k4hs76n0vc3g9akq96cvvq78p32hemfc8pt,4688206947
osmo1xjapfntlvpz2uf738lud7yvxcutkvk24pz6t9s,127336331
osmo1txcjf2xv3zkj770jey4qa6kzkyhk5j0f2pqzmw,240662352
osmo1mh7muxc3q30rrp7lhr4dkq4nqf6ejqw439vph9,246327697
osmo1dl6z2z9d33mzu2d2x8mqehdackmt7ylfupjwg7,84601944
osmo1ncd6yvyfyytfy4ehpupxdenh02pducpsvwy628,1016517
osmo1ksp9ytyyuenddee0k78pgzkk28mdhr5n3ecjul,133456300
osmo1cwecw85ecn5zjppfsm59ddsa7gqa3pnfrzunsv,259658685
osmo1gtaegw4m2n7ww538fn3chnmnda5mqe737a36qz,67896614
osmo12fxajs8ngezzxj2pr6u6dfewzjwv87v259fknn,357180260
osmo126s88pyn4ar3cwfx4f3s8h0m0vcsxskz8dzjd5,2345142442
osmo13z58yn4pcdpevsl2krlj8y4sy0t2ykcn73af8y,5096087716
osmo1kkk4csueqyvynhn93hympa675gqns5wc97gmsm,39
osmo1e7t7uu2rxudtuttav7lmaha7j86nrk7z3t2n0d,2000000
osmo1maycl9pr2l9zjnqz0w7qdf6qk4ddmag50yf6pj,376492893
osmo1qanzjwu7kd78z44qpdhynkxd7wxuw6ezuafklq,88123259
osmo1rjwkcgz0rgz4ytqez8dc076nhf9dkxn9hu6zy9,995798
osmo1ggjrdrx6na74refkfpfj7vz25pez25d026e828,6089109844
osmo1u3fuztu74msuu5mjkxuj0fqn9v9dzwgjtl5n3m,6834440
osmo1u4nt7xdnqayqm2lxy0xn3733hgrza2ctffg30h,12344590
osmo179elmjwms6yk55nc998trjq2v35zz55ntcpvgh,7697976851
osmo17tf8fzr6s05qyccxcmtpvvxg355zq6avw6xmw9,17739811
osmo1pv03yz7y7atd72xtzzpyfqy8w3eu5rwv5j5kka,75672
osmo1v9639uu83al39njk3qf5l43fkz9vpddyawukls,1
osmo1cw87vu493q7uuc0vsh4alpna0fs6f2900vl584,18612962340
osmo108nm3f66cllgj70q6aumctc7cslkn3vsdpygmt,748875
osmo17lfqk0f03kccjt2u86ydcxnxjy6d8tfjef875y,4371818
osmo1pasnu3wly4gy0a5qwkrc5j99cv0zqj8g7s5yt5,6846590511
osmo1f5xcaerte807g2w77ew7q5c52fay7urxxvymwn,239804866
osmo12hcr0yrmrw29gqfgmnn03pdt7wnk3g8wwgkkds,1000526974
osmo1jpnc576mvptxvjxax92nh9ndux3dja6x5nr0m6,3477268112
osmo1jh5ugceamr6e3pnnz2rqnw6z0s3gc77v2tgy3n,1017
osmo1cyxg0u3x7d3v86dq3hqcc5q5kmvj0ah5gxx47t,3279771308
osmo1mhj2yzve0g937zc3zwftpess4ds7uyqsnmtgnv,6763359656
osmo1uv7gnaedaj0eg57jelmn5pcfza0rwg6e63zqrc,1659613542
osmo1g2mjkrugdjr0h75cwg9ml5r8ynltd4z9au6qxl,54566059
osmo1g687z2ruacrrns3y9rg7gd62neavw4602hzmkg,1287195718
osmo100wc05kmt73lfaff9y4zlgksry6jc4v2ku50qd,21451000876
osmo1l6lcxgknzpm6cmmw3jfe0kneedgp3kuknn67n4,2381205636
osmo1j6248uvjy9z0cnqegnqqsf6dxyjs0cthvurjhu,13571672
osmo1ne4zple7m85s89vvpfyat284phvmyy7fdttt6l,1384163336
osmo15v7t5h3za0laxfv8ydzacfrwuyey7rp7rgwaam,88083345
osmo1k7plj8qa74vj3hflrh6kwv8ecc5lzjvx7srsfc,16745110602
osmo1zttlwly5wmcw99tg4dlt2qrtha6m2d23edjlrt,79842175569
osmo18ce0863ddp64wx5us4ekx5jj5ye7lkwvj9d5gc,117506
osmo12g2v4a7ej468c023x9f98zl9knddtwq0t78ve2,40000000
osmo17kav8azytka7486y92e6tewk2sh6r8erj7yl9l,2000000
osmo1ygxqw2lu36g4ta4szs9gxx7gmv7n4zaqtkwcka,32359487
osmo1t2t8uc9cktykl9hq39ue40pjhjx99qc4s3gcke,3416319810
osmo14yqr2q5u4sehadtfxx4rh4rjxzfht6ecvmv0s4,22121051041
osmo1e7r6jqr22f5zneh8dehwgnp3a5nlsr4lehvmqf,1522877
osmo16gntf3jag3l9trehf4zut5sp4qg2x72e0nflhg,14000000
osmo1mql46ppfxjwqljyynja0ea9m2jz5whmhqyh4l6,4310988791
osmo1lgfxd0tlrjfjyj2nw3f9safmdz0d8juy7upqpu,17510231584
osmo1fjut6w4yll5ldcqmwxra7lm854g5k4sawu4ktt,3618721829
osmo15hx6swvj325dckl6zrc8hxwqmarvzcg64p4ycs,5208824172
osmo15m7znl9atftrnu0j82h8h9dx7hcsflqteaxfam,22486693
osmo12dgkplte5luzww9jzfate60x4d6qj9g088t26u,2180788955
osmo13gn4k2jx7459rh9jz42js2c5zuzca37qpwd8x0,1141507509
osmo1hmukhvj55cdd5gzqqxcw9mwlrtcq539hxp9rlt,50000000
osmo1e9ssuga6s5kc79j4s6zdh5kj5ygpadkrjzhqlr,643147465
osmo1fwf32uq25a2j06w033sj4j0edqpr3qnsdnr0f5,100000
osmo1f4j6vh3qrflhr3x4p003e7gngcy2wufewpej7d,77069150350
osmo128fglcrjanfdmqvdk467q4tjpuraermpcc227s,6136689
osmo15v44t53y684rrjwgq234630tjphgue8kze6djq,359123900
osmo1xgz8nr6cpg2lfaewnm409aw4jxqnlea5q3pvhf,5429435
osmo1fywqdulyfhvshmr8eef0xklddhdfcrrc4agfvk,2741381065
osmo1jxpztalf3skjftyrlf3tpd3c94g2nqkanr7c3a,1193349
osmo1k2tylf5v03v3ptxe85wynfyu2d2dtvwp6fej5p,30908753847
osmo1c7khxslxeh0dkt8j6xysxajyxm4uqq97phx6hd,3583160006
osmo1e2csa2cezsa6z645dzzpka7p92gg6kur6t2f7e,35615329
osmo16040xe8mmsclakyvak96g9a9eavrcamnaf85n2,324053705
osmo1f0zelt4x8t9yx9wjfeqgy02t30ck792qcuxgyx,306061689
osmo1sg56838yk7jg7es3jfxu04436em0aqf7wkf9sj,59989995450
osmo15v5p53gjc8gg8v840dlf9m8wd75f5r0eawdfs3,197400999
osmo1x43ya0grrjerwak582l3uxn9zlpk9n047j8e6u,307237685
osmo1ggkvm8cw2ej6q36aj59dg2nenyhhpwr55nps0k,3989736107
osmo135c45q8tddh73648nlxg9xkgmam09r9yqadued,200000000
osmo154wg9zlte8f4mr6p9au7j5zyau8zm8eyvn7n6x,2590295306
osmo1zpgem09ftjmzjkz52gt2ak4mk4ehsuz28dljat,2172732664
osmo1zehv3gdlqjze4cpfqjhgjgc6664kl4qp3fsqq9,12773959
osmo1xjvte23d8v03nwryavn7akqvqlvd3e5hfwssqg,3798815171
osmo1e937k54p7fhf0wprl5r54aty3akq7wxgrtceps,32587779
osmo1v3fgacyt5f8lmguvrvtyjqqnpjmw2ncj35aayw,1227629
osmo1dxfr4zrgk90tkpshsfrkygsm7gy6w3r9puzn3s,1420269352
osmo1wgx6h9t3wn5v7zd9p9ksk87vupljqqfmf9dsl8,250000
osmo1m43cv73deaz4kesmkav3v6s0jq7shydeqvdpmu,26996829
osmo185mnz38j3uexaa9j4yl062ptjcnnvs2w0cacdm,2827607277
osmo1dlmkulzszmzkc6t59r4geq7ekkkjr2c2stj2yk,307382314400
osmo1czw3qxl6n7kf3r5m05ywp3fmwtap0ae97spwmh,492438506
osmo1gsr0utm8fkv5z2vrawv4f3mv7htn9dh9culka9,718236
osmo1vulkvr4v22yhlz87hahra8a307uz9ufexy369j,1168750577
osmo1npzj02hnf88up30lszgmmxzfjq9rrjal4le0m9,8720551851
osmo1pr3lptd4xcgxz27frmmjfg20vu79v65ddjql43,2521169860
osmo1zf2xj5egvp4hchf6qz08hcnq7lx49esh7mtw8j,37091620184
osmo1xh8ydf9rqxtyg7txh56wrcysadk3htflqghchq,926759
osmo19dlpu8wk43eazrjpyk9068uey4s2vrmtpcwu3w,722040
osmo1807ejwpzd7yeqevdrp32yx5tyjcq35xg38lk0k,1
osmo1dj3j99rljeyxk0xq4qce2fj6ex53lwst9szws5,19663405839
osmo10rk2v8pxjnldtxuy9ds0s5na9qjcmh5yvc8w8g,52606815418
osmo1nttfx0aaexwdmm433sjh7t65uhmuuzujp93ghp,666738005
osmo1qaup757qe2sftgcs7xyna8tdzaf9r9mhvwxl0t,560000000
osmo1prxm4k9a537v3ccd594n69mkl2x5ls6g8lmys6,793275503
osmo1yhdmj07ulzxjuun5rmsy83myz6quq5ts38xz4t,996989
osmo1m36a8caq49ald5h7fnuuxvfv48twxzl2py8qec,1000597
osmo1leqg0lmvx2glmum8f8nhpxykq065u322jcpxlk,1671826564
osmo1xe4r02lpgv698g4veydwe0hzglsynjfq88qk8p,1227882715
osmo1tza8u8l4mqjyy8pn8ryssl52aqs2e4y3rsvxt5,142043
osmo15a6vm7skdk5rpxp359p4m59kj79fae604eseyd,1159898576
osmo1msycheygr5m3t2frfudkf25yzpu5urhxgec0v0,434621204
osmo1mu230plx3e4z6cupcwaujrz5smj7u39arn4dy8,5175853910
osmo1zs04tjvc9alk9yqq3h27zczs75vp0n6629p447,2000000
osmo1yeac5tgm4mqwl4fyrqp34s0gq5fy8ugxsfd262,100000000
osmo1xcqt9tu9q9jzculqrryzp3v472336vlf052vq8,2828628644
osmo12dvsu2q2yr36g9dmy4ymcsngle85lxhcgd9kje,205850875
osmo1vr3p4yyk0vkjekrvhmjvnj4g5ypl8exaqjc8vm,72121844594
osmo1e0f2lvpnrgmfzd97p7w3kvp7na25nsrljqs33z,1039502384
osmo1gty5x97z63mxvdnmfh45d43z2fcenfnydg5ld9,1131266313
osmo1fyu2fqaf7h2puzj3fqpz7f2t5xeymjwj7ezpdk,489166013
osmo12v3lk6g6cad9p6mec9s29f4yle7g4cfvzfzlt5,10384893036
osmo1wfp2pc0pn3ykmsptk5hl7yq7nnqe3pcm7xus50,47497782
osmo10zcrxlqdh4f3tv6gl2felanz3xzsnktqnvunq8,50188553515
osmo1sfjk4m0hkey7h0jxmx00z30474tcw9m7j7w0tt,650824347
osmo1ng2w7f0mr2wt2aphw0d975xgx4j2fxrr4kkxmz,125367628
osmo15eryc48ssk2hkq3pq3c33u6v0rjshdjg670dg3,44902123741
osmo1yw88pxs3ntf6gemtesufxdauhr9u6f40jy5uf7,2289157219
osmo193sl5tmmrkgq0k768jdyghfszgzqykxvaulqwp,1650203800
osmo1gnmtzrdsvrmlf85mc53vxd9wml94kgh4zw6xrn,245768513
osmo14zwaq087uar8ytldp7f9zyugggxumw7myhkdn8,2451336025
osmo1ha0cfwre0v22ymkt4trhs4hafv6v9w63xawft9,60878111782
osmo1eyv6z2h0xsl5hcynwd7rl06ce2krw954wmpw28,3796645670
osmo1ewu290xt5fhfz23jk34rq266ymzp6he6ahur7z,241119
osmo1rwqtcymwrm9eukgczd3jxp6dgvn43gm462e3d2,1002834
osmo1v7x5sekmhzrpyqpt3lzkmk6axgymaragcvgauk,663968074
osmo1dl9csz4dk0vzmd8qn9x080gx4mjtk2w9pxv9jr,3808241378
osmo1ur5vn4e0d7met7dnvqe46nz792y74ked4j2dtt,179869259854
osmo1l74n4u0xg3vlxnnucxgp480kxv6a769mx227d8,2529963
osmo1xq50t67y93mdzut3y06tv4k0gel7akq9r7dnmw,1320799
osmo12s3z6eeq8dem7gj92mg6au3vx04uqrn4eq33lq,11999996750
osmo1e5daruj3c80764k32dmsr4vdgna8nma24mukvp,4371378717
osmo1qlu3xeph3s4cy64xkkvl7msuqzqdek89ehhe04,156915613
osmo1p3afuvl3x8hdv4q0l5praavzmrhsc0qupwwc7y,157254934
osmo1zq2atge5df93w0l6xhm87r8uspjva632y3q49x,66840920
osmo1hqyr7t0shsqfl303cp7ea03fs2lfc5npavgtx7,1539169425
osmo16kfx2nhhg365g3hqgv0m98fkv55y6qp8uncdqd,675168577
osmo1855v9648p5r6kmr02s8llcn25eep4jf7ld2cq9,323256124903
osmo1jyhkv4tsecqw29z3hvx0n5ywdfheecmvn5nuun,10924082
osmo14fggnfx3tnx6lh4067dgx8fuajqz8pnmrne2et,812959
osmo1aygdt8742gamxv8ca99wzh56ry4xw5s3dtgtpf,222972963
osmo1yf6zjx395mfn0g46fa8s89f6s7cznxavd8c28n,148970439
osmo1xgqr7pn80g6w398wzdmye3lu6wsgk32s5dkvwl,619036070
osmo1jdmz9fkuv5yh35pqjdrk8lm0gcskzxc2rrmf8t,162013531
osmo10ka033a6vx803h7hd4mfe3l8ky0txwcqyunzdj,28854274
osmo13pdne9fzh39wtpkazg2qnf3weql43nlzzlg32t,142063954
osmo143u5leg7ujg2e4d9sd5sspadsnfr7tgc8xkgqp,787260222
osmo1e8597agptv59rnvl3rvk4pyjylm8syq6fgkls0,1035306
osmo1e4araf4pwm8y588zmr35nfgp885nsk0jhmjkcf,26659001
osmo1qpac8q0ky745zmfpenc5cnn8jd24vzrn360vz0,1668784982
osmo1xzjtfxylkascs8ngy47yquj6sn0s9fwsz0l3af,61834849303
osmo1w3745nkgg8ywxvldazq4qyllsj774ardzp0xpf,51390554
osmo162dss6susvvwrsk2ut84cl6nunnd26x8cgjxl7,29889688
osmo1u4dxn9cag7fnahh5n8dz53skm3lnujy9x9x4sd,273392445
osmo1llwxw2lzxul0hkpjl65yxynkf4zl8mlcprxcph,804983900
osmo1yf8cygz4v6arqsa7ryxk7yc3mlx7ud08du886u,7131156424
osmo1fr038mrc2ygg7ryxqrjdc6pl5dp44jjexlmr2v,5600832501907
osmo1n5flpdy8zkdahru6rqtj26cf63h2cgsztnp800,89845425584
osmo1q50hkqt3lx3d9lpsj523n0qj3epr9hfsjdvwlz,32620602
osmo1faqkunw0wqvkaqcmvhs27jmv3yscjvkmku94ss,95888550
osmo1tg4dp58w4k24dhucz3nzrzhhap7ey4z67fzxvz,147948957
osmo1degrjmvaqxgkshplah9yt60d3709s076cjy5z2,66665995450
osmo1cqdtmsftv2gk0wm8p8yr5v9zjk3gsk844y7c50,13325667
osmo16vg279vhgempqyl8q5pr03fpqz7d7f05vv77h4,100000000
osmo1ywktvevvvwv3jklv2ecn9xh99rh026jdsgp56d,1179433
osmo1xav4zksl6ywwwq32lkhj0e20lkkza7k847cwae,2603034
osmo1vmeaf5y5f60vhkgwdhzr7lck7t5fz6s7msxmax,47891725
osmo198e7zq5m8yxqee79czsmusu94tqlvk30rnrvv4,49800000
osmo18hzt7w6slh74hh8v2y09a7xs3m0cf6urdm3x4a,3384702
osmo1v0w76ajefghv89jzhxe9jms0s75dmvuemvfpqy,1
osmo15zw3attjhjuj9m43peust7azq046zhmc483e20,5812094466
osmo1kyjhza27tflvdemsdh35rx7wjqjf33lk3cewvy,65000000
osmo1qnvxvm297zq5gz36shqa7dkpdrhp7xrhnqzjhn,15
osmo1zp7kkhd6k4w78efplh79h89mvff8rflsqxj4wf,6485028
osmo1r526grrxqdu4qz77cpyhdq2qh28flzlw29pht5,2271358645
osmo1er02nf9qv3jhden9rw39fe4f40qpev0mttvl4u,64979
osmo16hlrds9mp6p67hxkwjml334vrxjz7z3ml0jf5e,2903614090
osmo17ltw56nxyn75a9d94t9gvcfx77k3cvh79tcaw8,1002421358788
osmo1hh43rgmvyr289wjh2znj2r7szkn5v387c7r442,729287917105
osmo1ermc8wk0yqjwfl47xdcn429hz9zm04v04f2den,425110611
osmo1l4sfzv5aja5mxf7s0uwuz2ykqc5jd2uqtquaew,5525681513
osmo1gsqqhn83y64urhkdymv4us3vpz25jpv6x5nwyg,13915940
osmo106v0dgp92mwgerjph7aw84wwkutzuq4znz4d69,6023993125
osmo1340v9gldy66d5s30useqczma2qpeqwn77hsa92,22769002
osmo1h3ce87gvh5k9yjmv5ja38yf08v78s7xu8e0n0l,2811906994
osmo1c7r238lhtjm9prgfyw60jpyjkjw8n3jl9r9v24,89527555928
osmo19t7k5wxtc9pvmxku34ltj030czt906e5r3unkt,98380
osmo1v9afk7e9x7fqhrg2m6ajrr5mefz866xlcymwy4,829280008
osmo14t7yjh0v352054x5prws5reymjk4m2erytrj5c,1180947998
osmo107dz744gc3vy8dgv23w8kup2cermcnf3jn80ar,591321356
osmo1mapv2ahhkyac5jjwslntpcta92zvr6ha8hz0f4,1279781839
osmo1l9zqtkmc8mmqhgyhknu8u7agndf6njrq594fdk,82640047
osmo1qzpc0fz5lc4u78kkzarhw5pqj703pfq8ty9qua,20641310067
osmo1yucarpaa5p8xms6k5sfwxqv4a7lnpdrnxzflmv,216678862
osmo1tul2dt879juqzv70wft5kay2kdajes0fv459f0,6290705313
osmo13drpa509xv7z7cprg557yrxw8v6m60ecnxjr5t,8
osmo1jfa3vw3r50vyww2qwklxqn6qu06d3uf7vc63qm,29008804682
osmo1jmjjga3j2qymr2v75x3p92wwmv0x6ch66x523p,209880598160
osmo157e54tt6gs32yrwhcnty9h7kuvlwvnzd45vnvl,848712136
osmo1h6sdkav8qc3mqy86nfpgge2tw6x9fsgtk2zk53,13147421
osmo1fvfh8py05qqs5x3vz258gv68c3afh3y7uj5xml,287877468758
osmo1djt8j5szdyrdyu79qjuphf6pjm0y7ld0004707,6975250955
osmo1wqdmtvhk87vclhft7lnpw79f4r7add8qup8y6r,70544152
osmo1uh2gxycd8zf3vharxfekhhu0jddstw4x4l9hgr,479057367
osmo1u6fprsv96mx8dj234t7j5zez8hm48rrfljf57r,9013286940
osmo1lsxqjdjxr7w24gs2ntjxm4rfgunlfyrqvv5cxk,16
osmo1w0cv3dd8ugd9q028kmr064x53ah6fjxmgufzeq,483341176
osmo1387htldezj0d5sjh3a8de5vthasjg2hmceys5s,23535
osmo13cpyxcn4qgyq4zgctztla6ssy50xthm07agx3j,11472970335
osmo14gayavu8hvy2q64wzj8czvj9nrjywxvn2ppw7m,4593487
osmo16ps0967ceuer84hdpw0s40p6kny3svzjp8f4tv,38805826
osmo1yxpl8dgfm2w77wkr9dl70zfa2vyrrrkwx568mn,34290639099
osmo19f8c6rm9va46z8gc5rl08sxcdrex8835tua3cw,36800000
osmo1tyhz04rp93x2uvat3mpd67pkdgsgdrym9nqfnm,133296
osmo1lzve28smu0pvxlr3u68m8jq5zekvr3r3vyt9yu,42879448
osmo1ljz7ezhjlm85mnmk4ew77ua9zhg0k3akf5q2mc,9644950632
osmo15n77aux2m2e95jh4ejl3r3w0e7j2rdyxx7qvs9,1460669496
osmo14rcw3sh7rn9m3v6d3pa2vkzlnl8xjd6ntpjz8t,7465934
osmo142zrdg7e8spfgypz7xhkry65mkuw26ltujgvud,40000364473
osmo17e8c2y6w0dqwkwdhhnltjcv0r7d24f6tl5ncnp,297341824
osmo1fmv0nj9fgaplam537u46twdjvzcgjqmqtapdfp,3323942
osmo12ae5qvmyyvh8kvdhgv7tdgsg2se0mrujx35pxs,61766108
osmo15ddr6teum9x3a26auvgtc3g4pk666r5q34nfm8,1
osmo1k7hppl37zk392us7kaepxndz3zmsea8256al8l,1447388083
osmo1e6zdjcj3wry34hns4pw9hvse7xcv9mmtwmp0e8,12177121978
osmo16tq0vcl5t9gep0sak7evex32xdqheaxk22ahwf,79002550
osmo1ppfpugazm6mkp2d4cvk2g9g7s54cvv78ah9m28,31960902862
osmo1rqghaeqww3vw38lwglcs72tazgy95t7u6qxmp9,558482641
osmo1gjfegp0gznk4tlm3ymay638034w4wrdalpus59,6699959329
osmo1pq7mnp9wk5mzeus9gz047ajalzcl2q7pvey5j4,7562274
osmo18n4hun6rtxmtxzqswvju88gnay4clwlwslnf4l,1274551
osmo1euj0yvwxfuw0kepez47845wy325sl4z9k8xdw8,95386066
osmo1jj6hyrzrh84xjkwq7ye949krn2yvvqsdvly4vm,4026444509
osmo1nfu9j53v3dd650usnnatea8vywz5sz84vk0m6q,6912211
osmo1k6nrasqgs20jtv7rndhc8ph69amfjm5q2djsk8,131366059
osmo1hx0elm3gm3xtegeyakdam66h6350cqcsx2c6rx,7454342371
osmo1ayj98pnxpp6fnus7m574zt5yxzy9c4t5eqd73t,24633935742
osmo1xs55snr6lxsalaqrwc63cxlmgn437zzvnemwat,226242375
osmo1vv6hruquzpty4xpks9znkw8gys5x4nsng4kery,1000000
osmo1j3n4ax3vacygn95ddwsmmkdhq570z27hg898g2,4624512536
osmo1myymx3zfa3edwk5je2y4422n9y2awnxwumyh69,7892801266
osmo1uugd5wd7kdzvrw0tm95d796eesty0udq0c6yzs,20572100
osmo17p0fcu7dj6p2xkw8cwhtrpslgkzflhd6x5fa74,5941335
osmo19pa4tk69qfse2t9vfsqtflcl03ua4y96xxdnm5,2116755900
osmo124afmlh9v760u5l3uepjuy79qjv0a9pjqgeral,3105900745
osmo1n2k35l9dkm8ss20dm7uth9ztuklkpfq56qtcxn,600586309
osmo1fr4aymj2294ak7t80d5gdptgkm8mffhkd35j4a,1341838000
osmo1srd957yqjdff5lq5pup65znag26nvkqyrecwzl,219378544
osmo1nm6g6rutgqv4aw9ld2t468z6kmntnsqum0j0ka,1261538039
osmo15yfteczvqvhcs574dwgxl4pfjuh884zq56gjj2,1907239926
osmo14nhyn9dztd0wdhajd0s8qlpgynr8qzfv9drzxl,652689
osmo1zdyxw536x9t52yf8nrvr7qnsdhqw9qc9vp40px,2144689300
osmo19x0xfdremcruml049mgq28z80eguylhxn3qykw,2106897711
osmo1g5urq7wqff2asddv2jwefadhhnsre2sshtx2kg,89141254
osmo1e8ck666s6dped2q0rhdepfxt3dkrck2ule2c9v,1006190
osmo1a8dlwl4x3gzwlzjgnmgc4vutwxy87rffywag53,216539967
osmo12yzw77pp5tesu2h497vlvqkyr5t78fyshr5g3e,88601627453
osmo1tcpmk8ztqs3f2rsu0yclzcnqjs7wu7pd9e45qf,1194256
osmo1wt0kldynjxnf9kpr3nh0fvzc8xmkpxcxhes30p,157256382
osmo15unux73592jzwj3p4gzvung7v900c6hupm64m8,14516060994
osmo14g2k4karj0ccszyy604qr8rsd5852k6hp5ls4v,527851125493
osmo1qwtlwumal0tcapz8wzykd2wdraxzfwwr9ttzm8,31223452
osmo180pdyeng2am7mmqwm9ruvftsddmd2vyj3gaxx0,1008
osmo1gvj5hsnee6ezaxzv95emfpkejat9jwf2lsyx7n,9700462742
osmo1cvl7fnva8t8easaag6cnv9afe0qmj4dawapdem,5019370983
osmo1mhycqpafdmg9czwj3vmxnftcm5k9sylst668ga,6332434645
osmo1f3xhl0gqmyhnu49c8k3j7fkdv75ug0xjtaqu09,12932880724
osmo12y5pdr0q4clk5jquc0s7ysne37kyg3neqp6wl4,7474039924
osmo16dc379m0qj64g4pr4nkl7ewak52qy2srpp40er,4500
osmo1qr7mj4j7cqy7efw5yvdlkysrtnek589mk9282r,1191554
osmo192x6vhhlef62zr6qxy9gxe00km6cyt5u5g6upl,303730908
osmo1xwnpwld9ldhn6vdnk4ny5pw8nezmv2fehyfnhc,2208751734
osmo100wm5dwzckkguy2x7mjctkrjfds9z77404n94d,1000000
osmo16uym5up6ec3tyjep90dpwjtw4ck94gp8dshmqz,1000000
osmo1a43p6cszvvsh0jrmgmezsuef35qslvycrwm8ls,397526037
osmo1lyhe9syygu6nwkf3jsg6vs4xneqektltfj2nv5,85201984
osmo1p6906xu66zet86hne5z3m6lrekc29gw8x5kjnh,1552
osmo1zgz5kusx80szdyl92636q23eg3f3n2t44fjkwm,20909018
osmo18xhs7tmx833m36y7gvq9y4pqtymuu9xaqj4e88,146362311192
osmo1yhppklazvehhap0je5lerlpuwzq9jhzvc9ru7w,25254635830
osmo1s54f0mcw0naj4gjpw4h3sg0cte9q0933j08ks4,357441778118
osmo1jar0yqygdf3nayzyxcessl7syt6cz053u04qkk,8045224058
osmo1m8pu4452zf8tvnucjw0vya3g3jy402qctkgzrz,1831979340
osmo1un6nkmfd7rl7xjhuyccg0007xutygcuy6s6aw7,13596698
osmo1qhakcx7c590xa6uk5pnkn60s2gfqv9q0hxlezd,10531125656
osmo1ql8yx2ja6w78w0zpc0senpqtnc7sr0y8v27a6m,18714290
osmo1p8ktdc6st0tcd0rqx6eu32xpcf7472suchztlm,20171825521
osmo1jwq3ugjn8zrzj43fds9jredunqzzsrr6lkujpm,6764014632
osmo15kw3se66220auqlxhma5duj8t7w4ahsl66u8rs,2499279663
osmo1etqekmdzalp7psmdngw6mjk62aefu7j93c7hgk,58135850759
osmo1edd7qt0x76utgkzvptnlt7r2xkl296tmz3xmpa,125724
osmo1699hnv076nkrrhlgp34nnv7hh50q2lly4wy055,14000000
osmo1fvdw32npjtywdjvkzx2q02jl6h3xwtlculnrrh,290397846
osmo1tktkcjmyrzc39sw2zadl4yy0g9s0mxdud8ne0t,59000000
osmo1wlke2p4mdjrxnpztww5pvjq7mjhf4pj5jameve,1617519871
osmo1kxhc6wk4huhtdwaxzrp6xx5lk0sjt46c6vzpkq,1886833086
osmo17ljutklef4sxlfcrj8uqeq6trw55dlg8dwvahu,16739281687
osmo1lxsmxwezc28y0ahacalx425ay2s2jv3jqhuawv,178824272
osmo1ygj4fa008gf7rfdu0mj7rdkj06gf4kndy26agx,11632561100
osmo1f458j8dnscd5elc5wgccy45zlks24kehxzsk8k,8353593066
osmo1t34fkuyelh4uama26gytqrdpddngekdxr4dv9l,1388
osmo10zlutghfg7x85s8lusj2awgh0kcw35pwm9yktd,35647750
osmo1j0zmvggwdkmkqj9hmgqq00007vj62wjaqjx3l0,19678422
osmo16ag8wsmzgv9mr3aavd0jzfp4nmk2e4pjs9he88,50646090
osmo1sgu2npk4s87l2rm0dphnl29htqvvznm5nlkt7h,370165638
osmo1s4nzlze2s0lfaeddcf2ndgkpe8gvlkg75aldnf,24689716999
osmo1nqv6rgrj6uwurwzaek7h72h2gj6qtvy6umjek8,115538952
osmo1qgz2q9tlw3m6e4hkx0h86lxu0qym0mgng685c6,451876
osmo1237kcwsskvk8jv6rnr2ellrpsfdwyn9dndgq5j,258492763
osmo1wvffqyahhr33w3rupsr5rj30n9jpulnuaw2qqm,15373
osmo1jcsj0a5nfa3qkczh33y8hspcuxuk9meqchqmae,2821439665
osmo17v5tftch7emkaw9gnecygh305u0ecdsfc34grk,218424
osmo1qv5rc9nze4r8yfgv6qsa3329rcj9mml5yj3wul,30000000000
osmo19pf3x8ml68q3ju0tp8fs8qgs0yzwx05r8y5fd9,1912950128
osmo1xunjk63jlk93e42flk555va8ehtkrgl36e0qek,2806487
osmo1f6vwumchrlwav5h2szem4u0p3tev28zw593fcd,200780607
osmo1wnr3kpx7t2d9kvpp9806z3fhsuydcmf7js4s8k,6718417
osmo15yxjqrvku34an7xf8ftcmugmzrxqendqfdsk4m,3610981436
osmo1a3k66g94de66r4lpspavq5gpelq8nklrs3au7n,838230372
osmo1qcaugnrkmzm9gkcp46kh4fge8v33542ayj3ddt,4098698123
osmo1zhc83hmqdmdswumh9gqvcvcqrlwqvgj5u3cxll,1852299
osmo1r37dmaaq47xacufm7merycf3da79l9rxntlu8k,27643526066
osmo1m56r6xfadqscmwc7y8y6gr5cupahhezvrcnptt,4101786
osmo1k564vl6ap4zy6qm8pk6d78umk7hmv45wxvfxfy,666908
osmo1tpkk5sj5sek2h2k0a0mqd8lnk4y96vj4avg7lv,303
osmo1wz4e7nqhkwl6qw39nnxs92jegf5j9wcqu4vwk2,313235677
osmo14n2mx7yp2cc6k9gnqk3eyj2tm76zahpa40tn2p,404304
osmo1xxxfwxuge2zg4newym8nua9uw76jzh4kyp034k,423921210
osmo1djs30epmclxpq8c26atryfqjcdk7gwvmqrmx8y,44693205518
osmo13mrztkmtd4g86h8t7k983ejycxhahdr3dhnjyr,20579805460
osmo1e09gqxzfegmtrjug3epna589umuylzvhyfqrl8,943743644
osmo1lkaxvmf0wvqzpvdsw3hjcfj9ke5ytp28nvhsjv,5005855828
osmo1qlvyk7hc0rzegufj08mcgttq0f7u6wntd378p3,1299866
osmo1rq8fcj233d85e7fed2e9wz7a9aupdpnfjy55jh,75265805372
osmo1r5wea6jumzstcvqu6c59nx9m9qyjkvymdutz2h,272
osmo159jehwtcfs83qxcztfmd70dm38wxavayuf8cne,120461491
osmo1eq2wvkd5cl0sqw8l6qp2fjvg22ty7c7caq729j,1301682
osmo1py96g8x569rhqpfwgxu8qehv5sasd8nvckf8va,33870698447
osmo1p5cnyt8as23jdjsxfkvnerafj2d53wlux8ygyn,1043878594
osmo19nt7s5crnx9hd4n8kh9qkys9wcg6mfpqxslgrz,9000000000
osmo1cgg37ghrlajhzm66f3msshdv0kkdzz4j242js9,15960592
osmo1elcpqhr4t53fkg4ae6r7g8c84f54rgd5tzjxj9,242000000
osmo1p6vnau8q36hafxjee2722lal7dgyuqu8np84qq,912622710
osmo1hqwhf60933tyjqdry8tp9nxs4sf52sxwmjjldv,1998117749
osmo1hagljcg6k3u0ya4zs72pyarjqdv0384vnj2z85,26592676
osmo12v2p06wwpljdxn864qvv3tumhvxdpmrnvg099j,2723287188
osmo1w7wl545shmmlwwqhdwcju7er45nadq4cuu5l5w,79848520
osmo1z7g7dq9huhws3fqs38j8znd32xd9w3y0k8yfg4,3424790247
osmo1xjhjqpu055404wahql2ulvpcfhl3cyqfv23dmw,360516347
osmo1gp46pmxgsu3cf8pgnl6j8zk6xx3u2wutmdzan2,411868
osmo1m43wh03flrzetam7uyymn4vfuauu4zxmn23hq7,230404085
osmo17e7f9rh93jj9vvq38nzjygaf9tnq5dy84slu5n,149877816
osmo1ln766nqc4jk3z5um79em0nnhp4hn5tqq0whgzz,988300
osmo19vtwwvgfwskc075xkug7jydz5sqksavrkkegsx,15625591637
osmo1dqxyc2pzmwrw0v6e8nf9alsz9d42ffq9xq793q,902751
osmo1np6kegy7tje5z0hr02gqsxlyp0kxq7ftp2zac3,253876767
osmo1vc0rrg6czp52sgqxnvzh3vfyzpaxr00zc3rwsg,9271990726
osmo1vu8ygdrep26n68mr507h325nk9h5wkad8vrkmk,2817608888
osmo10cexzazvlq4dkvqn4f86r4s98zuv3r4f92jk8w,1392392392
osmo13sjkdmdrg29l2xtdtqrx4kvw882qt7rfusljs9,131000000
osmo14m5tk7hgq9fxd46qcrs96nav0tsc6fccrye3gg,470424945
osmo1qqk82pwu7dapt3jjdex9cqp5hlk9wjxs2h9zdy,18730000
osmo1yysmal68wul0sx07clxwg4c8qusrs5s0kqcuws,8095927200
osmo1fkst0c8ludzeyf8rs84mzkhhesau3em9u563hg,5442044519
osmo16ksgchg343ce7ff7hw4grvdqh5k6pzfvmf9jsr,1686395
osmo1k0062n3wh788fndrd6660tajtqazfxl50wjqtq,119578922
osmo1hqjd99he8576c8fjpn6p5utl2ywrfcjynmycka,5367706033
osmo1cpapj25cdx0x7d6dvu2kaqs8eg0elzqf6560wt,525579457
osmo16vzpwgdfk5m0g4wx6ghfcy62scclwq36laxu45,16334
osmo1zvv998e4982u86hhzr5345v5hrqlu63sewrf5l,1523615907889
osmo10l62awv9d47x5p7mxwg6e72velzy5rg97sx5zn,54050577
osmo1j5mzxyej2rk0v48exukax7tn2w9axq8jft4ng3,455872993
osmo1pemsztlmyugxd4hppfqj4vqz7z24ufqwzv3epr,81920704683
osmo1xt8rd6pr2tkqqgxkzrdq4yy2tsyejllszvll4x,89524788521
osmo1f3j7fn65wzqr6ej03kmlgrpfuu3d45wm2d7spc,6287760038
osmo12mj8lcqxmhq0ngqfr99dr39f45grrrew0qfng5,3639295747
osmo135dgurwdq2u23jwn80gr5tcdmzkj9w3p02r6hm,2174205656
osmo1qyewp7ysrn0gx6fuqpq4sfl5e3h7c7px4hwcxx,391621
osmo1q2ajpdysq8g4lswr9erm68862ynpv7cxlcq0ut,102278168
osmo1phmg6k3yl6zk3hkkczu7rf86nhd00d90xxxkzl,555771660
osmo1flmtpqwykutmza75js5htq8srhak4x7uaeuqpp,91064815069
osmo1uh7qk3mxa0hd4f3rr55rq6jty8szf3herqrr5k,146563911
osmo1lf0re7rgc89pnanr0wmx406u5u7kqqd358az6j,500000000000
osmo1qgxu39gn8herannh8q4mvazf9ykvp8rxph3c6h,39804372
osmo1xdgp0kdsqzmjzdyph48jggjzku7rj74nd67hh7,6479618114
osmo1g4kmqkq3j3t30rn2cmkjnxpk6rrvlhtslf9twp,104965188
osmo17n9rmwy8dreumvy08ejy24ezamxc6lz85x4mjy,145038482
osmo1phm58hmhjk8jq28pch2mjg0ukggpvu6mjysusn,2563979399
osmo1wh7gz82szkpm6ckhysajjjtpjr2vka4a3f26fz,365748
osmo1jcxewpy2cyxxfwglqpgrgllucdyphg8z036t89,107633
osmo1y9x5knzwtmufhmf4dwlrykvgchg5yerl5dvez7,253298
osmo1x83jkw0u9sfg3jg38rtf77wjurgxtjkwlvkkuz,10000000
osmo1d78v5jc2hacygvczyh4uatmge70ptamxfhzahn,2354
osmo1t308jd83sy8zcv5jzrh7cd852sjzp9umq9xhz8,2234
osmo1snze5ng0fujr7mz09u6gd23stm3y8xmcd0c74z,903634962
osmo15d5jypc4p9ysvf97zmx9w9nmw7aqpx9x9zcm5h,982660913
osmo1h4xst6frfg5vq7akadxwqfav895ld2yesjt2m2,100000
osmo1p80y4t4ct57sv70kmdyxalmrkhp6ssdtzkzyuf,523745701
osmo1zv92p2v0z7nlwhvxusesfwdxx46lgqr266dh87,2183278886
osmo1g0f6tg6h5fc5xckcanjwn0nfwl55fywdz2aafe,1094637934682
osmo1wyc7hvvulfqcvlctrq9mf3pn23dagxcc6rrpfg,29952428762
osmo13xfq4y0cv09mz773z0uxdh5mysmwnh9yfdw9k4,12018604
osmo1jxy4tyx7j99jjaw203r8qxtgm73l9nky0ayj6w,656509
osmo1cug2ar84jl3kxd7ks9xssj5vcreecnf79j0q23,55295906
osmo1ep8894caugqqlhf8wv79z3xsfycgzhqqt6xdgz,235000000
osmo1xg5336gxwstqztvtzlhnwax87ljfk94cc4y9cz,2436471
osmo1f7auwum96en2z7thrnx8pptaqmdtpkak56f4fl,129604599
osmo12evxvknx3q829l8wsz35sktr72m6qdvjafdvpm,3770322632
osmo173pls00ms0edgw2eznh6cs8gylsrpwu53zyue3,54464
osmo166dz7mfmej9v3jfvn5urpymfmf4zrqzfdxl642,509875889
osmo1xkdcwxm7ce8zxa80sexkdjfejundlp2dcurc62,445505381
osmo1f2ewqncg2t0fax00clrvwa9nx8d2hd8dln0pdc,11712078
osmo1dqcmpgk4k6epgzqvsnjvk78hcn9ac6wczde0zx,2658080727
osmo17dey840ru4zavpreauwvdsn4utla5vccg9g7qa,37404533493
osmo1lytkaq224pneqhqj5em70tkldrz76st8grxa5j,37980233
osmo1z2sfsn3jt7j5lytw4gydegfudztpmltqhlfzsr,647604036
osmo18jtj2tpzcd6vd0kkdcfdsymgzlmclw9ef8w4s2,509932
osmo1c7fva2tl8p2zqxw9s8klwsdp5avypp9aq3zkas,157253486
osmo1jdux6ptj5mz4ghxwywtm8x6r9m6ljk3f3snmp4,206084901388
osmo1ktyep5shj972cc7j0ksjduytff5jaeqh8w3y88,750330
osmo1unr4ytgckygg2p4c7elz5xcx07jwetazynwgul,378773367
osmo1yhmm6ed36hs6r7hs7t7pgy3kajkx7f25mkj3a3,24798321219
osmo1fenxsymwnz3hsuwja544gt7expjkp6rrxswv5d,3686674355
osmo1vczkpwtq9j756v72grmjpf53kdasg9vcwxhhfq,1921175980
osmo15966xthwykqqgaxtutwc3w2parh9nrtskzntgf,1002152351683
osmo1yqh7lwvwz9zerdzs9jjajyalkgs0uym4j2lq2y,2257182627
osmo18pud5xrke2wj88jydft7g6c9hylu96kg3yshjy,1003078934
osmo1neuv3lyh8re8ye3h093kywa54c84pknurt4vnz,28868099
osmo15wqshhuuzesj9p09nkfr2lnglw3uqe6u9u0p67,37000000
osmo16ksdnhesx4n7xgsjfzjhq8xtduh8ckg2e36hp7,1403399120
osmo17rpu7hlyq6ldysr42pnammsehg5aztvlwyrdhg,2819201297
osmo1lgmalr3y02yl8sjr25uyz430426z4kh6n80hxc,1171359171
osmo1qucl0qhc89m50est05yz4yuqn2hsa0lda9c4y0,1600801
osmo1gev78u3h3qs5xxjs05p4n2yuvwarmvfcz2hhfm,1390115449
osmo1wxh4ykk3n3qeygccalrut0mex5pe95nysw580y,9000000
osmo1wvjv9ujz5vy25ps8p2cal4f2vf2cmkla7m889m,1000000
osmo1hh02s3awx2cfzcyg59ly5ansug7he32yt73x89,38849804
osmo1fj38rhp48av7aak63t3vhnprz9njj7y92p2lka,1459036
osmo120l9hcu8j6cm379c6l4tfsvnsd6v5knr7e8rpj,1548800707
osmo1v34856ayvf3katks9ee7hag6hd9qske7meckwc,35599206708
osmo147kqg6vyp6phac7s4q9vyx2mglsuvmp3kuy4fr,2704889514
osmo1m6qzt3zczyfa78vj9jn9h6npl9w4ptf6v3xk0h,93433565
osmo12zcuuvquckpq9qs0x8fta27e5j8dhy8ef3hg8c,131298
osmo1vatkhzjrzvkt259wn37r30z2z7dx9vghsvyyfg,14958
osmo14p7mrj6v259jys9yslh8x3c0c5hlm68vu089fy,2999995450
osmo1uvmfez9yx4r9gyy2200l0kpftf47m6x0vyft37,14281
osmo1tky2duvdxhxgsul2puvw0esc3elahzsvnzar7q,2524103
osmo14x3l902y4sd2k64nnqw95tpyqvw3tzvg4pkr72,682139
osmo1uf693etwywvjrpphf8vwp79avmamdul9xvt9yk,44999999
osmo15dm330qs0kfc3nujkl3e3uqjac3za52dt3lr6w,3216123016
osmo1huqjpv4n6z3jfkezz00j33tzvs9ec94rqqvze9,14958
osmo1l5tg9cqz5yzsvmave5sq87zg5v4trpult7lx0e,572583352
osmo12akpzlmqyuc6gy647dwt3m4tzsx0cjc5sc9hg6,619766094
osmo1v7k5clqc4qvnqrvk4v72ek6zs8zpv9e63nfpem,2559021050
osmo1vlwjtwkf8kg6whduhu5e6aa4a3627df3yahfwv,90266887414
osmo167955hw3dxdpd0yprk2497cvepf8huts6cslty,210787001
osmo1mnplvwrfmdhp59268m6u3tpcgm8ns000rgrxfs,35999995450
osmo1mme5u34kd53t4syclka0tqnkjaq37kmc64up43,90500000
osmo17e8pgdt5xk6a57x5erm479dlpd3t48rctn9c96,4919792261
osmo1qnprry5652szuzr4sp9wkc0pc5s8v53yzucyla,22850877813
osmo1sghqztvgjv3ug6ltpvvwwyhpt35u7hu8cvqaft,2112823796
osmo1exdnjwnny5grxpkxkr9yyzryfnjrjv70mcczmn,9954364
osmo145n6v40xfyzegu66mwh8wytv47pywwlul69qv2,79848155
osmo1mx6anmnee7458da9usld6z0pt4t6hzrlsm3nlv,9034613006
osmo17f7vgjn9hfxpcxau2mzt47lxtrx3vffs22cfwj,142201783150
osmo17sr8n6fdttdg2jlsjl3gt8p8388pzsyev3r6zr,55354484
osmo189g9war7xmrl68g4rxjgafjl0e99jnh9dd8a3u,485254466
osmo15wxvuvjdyf94gm79jym8pqt5ahgzzuny55cx4d,1884993282
osmo14ghs6hs8xkl9racufmqnvmg4l0n7unhpckqdae,147000000
osmo1cprpmtj3k9artk40nvm5xd8asqqm0gq5l28lal,56137968
osmo17s6ucafgwc9khrvgphemalcuxz2lv2ucds7tgk,15529040788
osmo1lgleut0zv8yvs0evpp333gy0wuvv2w9c3t7udj,7134408
osmo1zjtvs7na8mck7l2cyhdt8cnz2jzusxtdyc0ht5,2284850935
osmo1fwwaf4c4cfguvptr24efl26e4szqzxrs78zpkl,316395187
osmo1htr84ep3rr7vwkaldqqv7jvpgnd6keke9lzprt,33191453169
osmo128x9nw0hz69y28f3ylxvc902ef6yhjw4xflwhv,273519388
osmo13dyezaxs8zwjldqedjnu7peldxvqwkzmqzdk3d,135000000
osmo1jyk3fzjan5ujdc8nfp4halrggguukfya8dxwwh,1089644878
osmo1j0kknh8l7lfkg4srpmlw8h4k5l7pz8t3hn4n44,11696880
osmo1klx9edhenq7vv8esprxzvuzuqhdshhk0jw0q7n,10001742687
osmo1yuev5g8pyvh98lhta7r348arp598phhcz5f7lv,1970657
osmo1x9y8gckwx6z34aus397cfza3tfwmsfgw5dmuec,29406236
osmo1xagvnjh07hxnv05a2gd60av6kjmvlncjlqs92c,1002489186
osmo17huxs6rlnk444es8h5jv89wz3y8avlf3zn4thk,227480030
osmo14etwaesy8nnn5f83unmyh4a3kcqpny7we4fmrg,2365117
osmo1h2wtf356hvdm2ft2sfyrxnetv3a98g49q2w73x,29938688734
osmo1xprc9m6r5f4tuugm8xhej6v9t0rkspyq4w69k2,130151140
osmo10aj9r5m8wx45hxat5zjsqkse9facdt4rmhu7em,900
osmo1sqxksenp75gpxgmvy4aq8vy2nnhdxtymtzck5f,55259917245
osmo157glcvuxw6z79vzx9fq8h2yvc33wq7xvl0zxsj,7944642908
osmo160rg8v8x2jcrm22ue80zhx5d76acgkv7qw356l,1995171700
osmo1mzk360e8tagp3j8wc7crywgnlfm7ttfqn4fc3f,17984
osmo1mr3q5fa3tg63s8294g9wrggx3hcy9u7dpkp07t,178931413494
osmo1uvawzxzm5hw2yyflg4q8vq223432566sgkk7y4,348441038
osmo1pnsp06kkmkjwu4ll6calsdvp5ltuers97pfttp,4141234348
osmo1z024vgu2v80dv0gg64aawnz8kynh3apuqxs9jy,82463504
osmo18wkup6ruecgrhwjkzr64995al7zq9a98qzr6ev,1414231486
osmo1tcf7n9jp8gvz2y8tc6gj9qk0lv0q0fm0hcpfez,55340289
osmo13p5dt20sggkxpj9w0lgenk87tuj8ykz0k9kldj,637162543
osmo1crckdhfjpq4rn2prnf484fk7n239qtnm4m664y,699618206368
osmo1683juet6l9tcc6eyw276cmsqvd0lq54d77s9er,466652
osmo1m9wceej5mcfv33uvczvjn07hay9za7qp5sqrvc,111000000
osmo1qptmhydmak0rxd92526dh0pq7lvn6eg48fplte,1093963916
osmo19kzeyc7wmsztqaj9f2dasyqqn0gla007pp79xe,76375728
osmo12088f4cr8lxrlyqmgynt68mj57ejgg58cu3pa7,11927928625
osmo1p4mmlzdmng8dtsfqsdj7mvkdr0l62zwxecvlkf,29577386
osmo15vlj0stehaegnl7qu8f8qldckjyfyecyjtlc6n,24500819449
osmo1sx7zj04sa00c24uac797d0jj3yw330frmcye30,47840527
osmo17zn4mde2hd0l70h0p7vvamsylf7n8uwch5nw9n,5374
osmo1j7gme9jqtlczwlr3725xwc09s63ksnqlre85r2,439000000
osmo1uy9adxy0jgxpy2y3qhl94s07ekxaj70kfdudg2,11712072
osmo1xap3vf3gvlfwu4v4uqhk7zvvas8n3ut50t7tms,59537439075
osmo1gqrpr2rvgkkchnh605qquaxng7hkryml2vj5tn,3432585439
osmo13qmz4tnvqjuyfegnle35farscnz4f0avx3gr78,260992221
osmo103j9kd2xnpt30m6wtpcldlpvy3ge8watpux6yj,1068516
osmo1j3ap98mkc0q2xa07erxhh86wpuz0ae85nacd70,1625043849
osmo1n5dzrx76mvfk0ujv50vklm3urftvqpwszfs664,15935597656
osmo1ykqfsmrw0uk4fcnycpp60a0cdg0xlsmc8y2nkg,76180271
osmo1fr5ajf64dpdyqvus72php8cjcwxucxcgflrjqm,157664464360
osmo1ffrh5g5ecsyzthpk05ckntk3ytfx6r0f60r9t3,11158001939
osmo1v3tssddsajhqtl8pafrqtvqhy6rvwpernn8s8n,1808152924
osmo1enmfuhmyahdrxlhq5lx8h7lap5rf076pkjhush,396416570
osmo1fq7azgf2vnhfzt6ley6equqs9jd44pw0wcxfm2,45005491803
osmo12fy8g7pfy2xvmxhtj7n305dqdq4z0hxqtf78cx,5000000
osmo1tgz9qxpc9655rlgklrgc4vuf4sx3em5y3kge8q,9053131
osmo13cjv9t59esygurgdkf0a2q2f3m4thz2d4yzana,10443643786
osmo17sclh26kuchakx2rnp06ksjyefq7lgqw95zkwk,4597347245
osmo1q8hc09v2t6gnrlgd64y6ettnfvukkxjzzh00e0,1204
osmo1tv3h64tlye840zwggq0rjn78fv5tgjhtlekzn0,1097133202
osmo1tnddp8g9wpqh7pxhq5g4rvw809pudshw38sskm,349484271
osmo1w9ajdrazwp85nvgnaz6zn6etjm8wgs3mxx6c34,51500000
osmo1lzfkln9tpguv9h7s6ugseenud7335mpx6kn83l,1406879112
osmo1qj2sywum5nlqauv39xkzlzvkndk9n093nw5uau,817226557160
osmo1rwydv5jdmt8lje45ylxtr56aaw3e59nsal4l7v,1142414398582
osmo1ymhl2su8a2zyc0pnyx384ce05mph43jyxnfygl,1385953667
osmo18lxa0q4qeu39ntqv92xwged50qtknxf5xerlx3,1949859966
osmo1w659axrgq72nz50prhxu5tnqe3ww636jcs7wa4,3958346433
osmo1cy7jye9jkg6k4h9wcurdcx7q4ld03m48u2g58w,390000000
osmo1wa9g3wg227v2aarha3pepw2ewse3jz8f98gwrk,73735511
osmo13cdlev3gxtwwzdzuyltq86004rh0hvqx2nnamv,3324515471
osmo15t9awn6jnxheckur5vc6dqv6pqlpph0hzls5n6,249317184
osmo1ecsu4szw4py0r6w5cn6ye04qsn8vxf5xgjzflv,75000000
osmo1a9vgr6f2ag4lkz0jrd9t2uyxp3yqagn6epzwsk,2404
osmo1tksz40u2tc6mffvd02f8d5syvyyzvsfh4pcsre,1515603274
osmo1dce5fs9u963dxlpguk78a3c03etsvrd32ttsd5,1606348
osmo1wmtwj4csvtjvn87pvgfc6ehp46cnzs0xulj6tt,431560
osmo1hgtwwtqsvrl4dpv4ue8f2msgjt77radfz93ump,902682843
osmo16l5jk2m9mkfhe862wyfx5dyz57vrf056yvkuxj,110000000
osmo1af674u8mxy8w0s8395wq4tpsppcm33unzq0x65,6000000
osmo188na36sk4ue7w29rwu9agh7vlrfrc2ppcdg7rx,20866565578
osmo1tul500maewqku8t7agtvjezjvsfhwsqq3uhjtn,386524
osmo1wephwge356k0qwrjqkzrz08efktupnjhdrfegn,1219184178
osmo1tcuf2m3uygg4cam6s076tv6q26fc5fecuhx4yj,15399990450
osmo1krxwf5e308jmclyhfd9u92kp369l083wequge6,515
osmo1c2uln9m3tth22utx2d5xw772wr95a3sny9q4sp,278226992200
osmo1caw7s809r7dlkzt7rv2c9km4p94sw9wqqfljnz,100651
osmo1a2tax0cyfjaxgm9qul7gqqf5j6lmhgnrpj9pcn,607443721555
osmo1xa4p6tua7d5dkjhnzyhmu972e3qeeslkatz60m,2000000000
osmo1ff4axwppm9lagt3jaxjjj6kr3za59hjgmnwqt3,1292331
osmo1t36am4wwhlualupr3qfxzxcgmhyd77my7r2s7w,2539150632
osmo1vk0ck6x0wxhqw5jptdl5fz4c8v79cdl2d36mda,1
osmo14avjync8yx6hk6pz6vhcfv6g6sujrn59n6hd70,260829950
osmo1cx3rxyyql8ef8a69zrm2p6jecq00d8at88uaqg,1707034518
osmo1xfyjluf03puslrlvp9u3tu9rqhrkdkqmwjjmr0,2604152934
osmo1fxn0dw8g34m6y43qskneyyw2f2hartmzhu3p9a,10000000000
osmo1r0uzkppsmhe6w5ajuv7zg68s3kdve60utsc4y3,30000000
osmo1e44zfnzrwl9699z9ykn7arktx524w8aretsuhr,92418154329
osmo14qty2ka4906c8g2ge3t2zs4gt5sh8tx58zppqr,70078240
osmo16k3geeu06l2pmus7g65zwusq76vvg22rqjmeys,5162389257
osmo1l4v4t2tj8xtjpgcgx6wh47xwgp79zvps5pr3qt,73635943
osmo1z9w2st4ngj7py7pyz8y8c5lpuntgvl7605y5h3,5000000
osmo1yyry8t0yvtnvcwmxg3khtjmarjrhmumhtlw4gj,1391641822
osmo1xje8vl4gduvr5rxpmjh0vquam9vy49lxy0dfyd,230000000
osmo1v5c0erzwj0du5ke503zmucdry2jfyck79q8qnu,60207100
osmo1dmcuqxlz0f0ntsm9zcjunfznq2rkgjgngcq3zq,143889897
osmo1d7m4v29u94f00y7kt9lrptvawdhsm7pqgn4w30,1001313564496
osmo1w3vqpupc7ksy5ssdq9ztad8jsk02l5g5z88t7d,2617122464
osmo1ckz7wpkq23uhksm8u36erx39g9p643lysgjz5y,857108781
osmo1zrxjllqx7pjvegnlkeaqp568feaw40vlvsy7vy,3549405
osmo1yp72upndkff0tyfenjfex46ued2aqheqy0kp3a,613248514676
osmo1tp50znagzdk77udu4du52njxl7d77dp7q7ma53,680768
osmo1dyf2dua5rsjv4jswfgm0as2rmd7c9s2a9fpvax,1140431929
osmo1dwfcrggekssn5hvmrsznu3atnzzyrptxezv2g8,2354
osmo1kd4sr4tc9k4h5duth3dxlqt4r02e4qwtuhukr4,145605830
osmo1c7s6z7ve5ztazzjpsej3dhpxpe68255lgq9rka,31824402
osmo1c7n0e8d8hu87sls7sm9lznepctm8v6s22jzyw3,7339545011
osmo1yng9j50r23j4nvmqdg6tyjmk4clnrq9d0lhs5u,43632139
osmo186hff5xzsd9stm4flvcvlgrxwcsvjfd84c0acf,1657768042
osmo1twzd4wqq6ntdew9mm7tdyt4w93tv7m09wgt5ty,600796538
osmo1ekpymq6z6ctatyw3r80fvl5n3ygahx0h6pg52w,357942160
osmo1u2fkrvkk525adgu8v3rklnmvctf85dpvmw4cd8,406152242
osmo1uusf6fghglglpns4jen2dg92pt3tnu0naexun6,2313801900
osmo1nj874gy2xq4l8nwgsuvwwejst4st5pk42ax5dj,205773
osmo1c633vcxqd6wk0fwqsltlzu88s5um0sfljcf7dg,4655873
osmo1u4d39ne0vphz4uhwl6hkueknygku0t3k4ad48q,522
osmo1llv2agz3zctywrwx85wd3805rsjyxa2cp8rlxj,10000000
osmo1rwuj8ns7txrv8jj7wl5zu5xsd6x0kp8addve89,26477479142
osmo1atwan9jdhqkcrrr752denvj5ykjqtssmd5yxkj,801759554250
osmo1luhv8ujvsgvvtefft70ggchl9kvxfx6z5lj8f5,1808024177
osmo1t0y308fzew4zeqwu6fhz607j5k0z0m5s6whq63,8184575811
osmo1w5uk0xahv2xaqwwdn5jlaxay0mr68cxsfz0gp3,498851687
osmo1s7rzqt6ycy2t79f6g6ax9yhv9echy2ven0d997,122761078
osmo13fyrv9huq880vkc3unl45grn2klgt5qqr5vtnm,1371966
osmo1l3d0nptkg8uc5qgqlafkqzfvjlnd5nhuyv9pc6,634830204
osmo18va68heywq4wcagypfayaz7sdwpd5wy97qyth9,55900000
osmo12gfdy7aze6uam0raus9rr3782fy6ugdmt04gfp,1909119727
osmo12s9hjhadsemrnp6d786y5pzh03ngmvt0r780l2,930000
osmo1njc3g5t232vattj5z5kjxa8ertjy2hgemf9rsy,4295258057
osmo1kww6qn65lutd693cqzjmqtqrr9d5r5hk9xtj05,499755347
osmo1lgcvvpyhh0jca97gjtg0tqp3hpz0uvcpvkjwzn,45000000
osmo1qpnaf57zrf8s6wddx05yk8xmnkjg7yrmg7x2ng,7793757296
osmo1yzzsju8ydqgdwp7pc9tcjm5gygrqa0w94knln8,33446580232
osmo1grtpn36qrfmrfexu6vj3s5pgd4x5hcvhdkqkrp,29878787
osmo1gr5a9gneuz92lz2wn893ez7xwtsyxmvx2ztsx6,3857151526
osmo1wya5vvjwh6hqck2pv09ejhdr6e8j95pv4cke46,40889169
osmo107tn5s5nsznzvczjf76qhsq2fwwe6j9zjlrljp,731552
osmo1535xd03pw2l97dmrewtjdxr9ffkpvkwcnqftud,511330809
osmo1cr2m7cyeewszeu0mjgtsek0hpd04gzkx82qkgl,8281553
osmo1qs9kn3ldkvswzmg4ul5785tc2x70elds495pmy,10423393
osmo1pdm8cgvelwv380tne94xyqgxku3y5luwlx447u,5361164457
osmo1x24e6ust4dsdtewuh4vcxrqddgjfahz33uukmv,1468134476
osmo1ev7ql95xjj0yu9wt045txapmqfsfcy470g38pp,102421360
osmo1l5nf5vws4h2w8zx9k6xnrwzzlp8e9zjxet9j9w,201448
osmo1d6d823t28zckcz70kdq4jugmm2f33ljp4gqddt,1375035865
osmo1stese8vlkxteyuv26v094vz6jmsxgtz9wuyxls,5368250645
osmo1j5jq7x27f6774vpr4tq659j8apnm4umdflpxl8,766333819
osmo1n0yex58ac5nnnawx5cjzs0k6rtyutx8flw2s3q,520392418
osmo15zmdy727y05dyletge905qnkmph5vssqd3rcrt,6642151
osmo1qm9gkn8xrs87z57z4reevevjy4qztkdtnv2y0j,1025671716
osmo1pgfy6fqn22lyhe5cqjj8vdu58d3p37a230nnmr,473999
osmo1fw7h2d0sp2gctcd282kqscurczvzskkm3jecvq,4447571084
osmo1vwlqh00wtqqlzf8kkdwas23qw9scerlhzpaz43,380653030
osmo1dkhyrht2z39mjfhf2qla4jw2s7v3qw9ph5xz88,1051
osmo1jwq327vxr67xk8hcn7nv3p3pk4yny9utgra744,923
osmo1avdgv7zxu73rpy4f2dc6e7krtc7vnhs9xvhgz3,1335081930
osmo1q4p3runn50av7edx58lfk5nnaah0nyfe9pstqq,146930960
osmo1yvk507d2cthqmxvuw4408reuyzd54m3n9l2jyx,187565958
osmo12e4cr5w807csadkfytk3fep8kdhcv6x2r4263p,2237433426
osmo1f0mdjke6tzf3pvf7v35at0mddym9muj2tlze83,928992513
osmo1tht5dlvhhh5w2u5jpvlt5n4rqtglkl0pqng28p,191125119
osmo1dw9k5pct44rwenhnvj8k9tuwe3grn764n7yrza,366709597
osmo1sw9y7t9flgm40glcddsrtuke7aavyry7gy3zrg,172879582
osmo1py7vnejer4auv8e0dyexvgkas4q08wppe2pmj5,886804111
osmo1z8fqvwjqjlqxt3qaecdd42dnmzn7tg3prx7p46,630782069
osmo1fxn9whpm75gk647zm0u2g3z36u00kzhxj3tcjl,7966243362
osmo1u27pn5wxgma2m05rhn3gje43zveupdq3emsucd,4562430075
osmo1fpvx7hazdf0v2qvyxz2l2a388hpansfg5y76tu,698452561
osmo1f8huvjl6d5pn9063kptvplx9f594506z46aptd,6905871
osmo1ck34ysj5hq47zxmt9x4g0u2swfvsz7ta00z00k,6035723571
osmo1e03dwgyxsgcnhdhdxdl5y8txj3mjgg92ulkyu6,146629009063
osmo1e324y6rsvfevqfdv2aa2vtwyhs8detfdpjjtx4,104575640
osmo1acszd5jt3ky65zlaej83lm36f6lu9tw7qh2zys,630205053668
osmo17skzer3yr84d0x7qusxr2dcml5hvc0kgrcwfy9,734573232
osmo1yk0h2y2tjen6fyyddf2676tzmrp45q8fvqwre6,661
osmo13hfg6jgj0xhlq0zgr0pxll2gcv03lzfwcwwjty,6000000
osmo14nntpf8e270004y5rclnj4htzgs5k7dlvfzqa0,1335400568
osmo19usfw5xtrupjw3mffe7tt399k8nxz8pr8q3tg8,1312633
osmo15akrke0s70yl65crne3atuqe5f82cavslwg49q,941906449
osmo178qhzh7kx49vuskytva7fqcmlneumtjvj0s7zu,50645355
osmo17ur8nl5xqave6na9gsdln3ngcfczp5848qt6t8,31751792094
osmo1qp9vtraygwvyt9y2hvp7z9vfrnj6ltphs52dwz,52684604
osmo1yxk685nsfx8t6vqtxhx8qev5fz7093pdy3mmuu,133976494
osmo19r6j7jp8vpqjtdf8p9fsupv8hj907d3k3ecstr,133865
osmo1r49pptnm4xd6z6ftdkgcr3um4fau93faz3rx26,579171264
osmo1tvmy8caqrsewanrwjeqfc3l6anks9p7f2qpt4g,7000000
osmo13hclwvpnqgu5tmlx8cq0xk449w40qr8y0xk6kj,17163
osmo1da49eye57cvlvln7h04q0mux7pdecszjkl5cdx,122000000
osmo1wd4sx5z36letuyj0zd50v0kjspvzf8t62ymesk,5054693655
osmo1jf2y7jz5ha6tkv84r7x7m4vu6c6rpccyknwstw,9037901
osmo1y0xhwh0dczwxkdnpq64f33egsw29z48mpek8pt,1260311090
osmo19uzrddu7jumv00mtlxkr0tgwwjp02p2nhcta3l,1301429
osmo18dvnuugu7j67qyd3pxk6kla57ww9nvx8vny3d7,76892724
osmo1wcj02245uwe3xpn4sj9h5mnavmj0wlmj95qzf4,100000
osmo158yzde8ank70k6gpq4v8jm8hgmtssl02rzkdxg,525664344
osmo1t9n78wczyunpkppmwq7xp2uzjsgh3txwnf37h4,192478607
osmo1thle2jyq6gdnhf8gxlkjep63jzn3anvmtsjk5z,1248947005
osmo1h6sfyqh4ctp4pqed0guvc37y8kprqehm43ve3f,215057333
osmo13v5p5dpr4h7fxtj7w9dkkkr8vvg56fquc0heu6,12081907338
osmo1edwkr7ksxt8f83xyh7x2zggfxkfw0fwu4su892,24843769235
osmo1g9h52t43dak7gqwzpw35ytxdslgfez4dy753dv,3491084145
osmo1gcm9rynlpesu4jtp06gkpd4j80xe2mss2rklxe,123025755222
osmo1dmz33ftpca2lneql7x0t3n9qa4a9xtmqpqwjzt,16098110992
osmo19wlzau58arwj620s6tqw9tw4cukuddj7ql489j,53146372
osmo19c7au7fk6j6a88mj5g57qwchv2hmng5mfrhnrq,1075541411
osmo1fgu356le5l5cqws2xqd8yu90qg8s4urv5rhz0j,99604294629
osmo1w4y42qjz8r7h6g5c0d6l27d0lqu7ussuucxu9r,305119824
osmo16xrlvh2qutejehy6ewqckjrzwwskmh8qnwyt6j,15000001
osmo1zdaavhnhx8sfdqgtw9ygfxfn304d88lhj50ffm,8184527
osmo1yqqdy6ez96atd5yqtcvpd5azdnf0n069a2nxmv,1235844373
osmo19gsrqprmndwvkr5p958s7hwphul8ks9kewwlzu,447328439774
osmo17070wwjhlurczgm9658k7p9a8ds08shjtdf822,54521762074
osmo1w68sqty80mm55w2qpp46d95d5rgl9ecr6jf6ag,292990934
osmo10ev2mztepxv0vhe5v8yn5nnj9k9n0vg2fprpg0,211382349
osmo1jurlksxf5lv9qzxfemvjwgnqg9tpyn8pqp56s7,399999980450
osmo1ujjrd23s7g3f85s337fygl6xuj9lgjxt6lu4h9,3808373708
osmo1x4ttlgx7d4tv0w9gs5qrqk0skd2yse95fne4f7,11000000
osmo1fyq7rutka4va72crerf4h72rlj7chd0qpf30sy,3131660
osmo1wfwqp447e2kl5hz5nyvzgurrm02tyrfv3cpnxr,75692025
osmo1k9urrvy263pwwmulq58ks95hgsyjdz326mev24,585841662
osmo1awu3uxmmhplqemnxktuxqv5wcczwfpqljuejjs,387299264
osmo17ejnh38yrylffpyd06dnc0nm5nf9wh3qhkf4tw,170389761
osmo1ll84zkqc7ctwh738mlm52uducyxk3u69wqk3h6,4524611921
osmo1tqhffw5l20u7ehlzhnzd6ccqj8f00l0at2065u,1391516585
osmo1dwv0cl8mkjsapa5txwempxwmav709jeetsa2a7,62040253846
osmo1d3fajhznwdwdwffl70pa2v82s94ufpvny9jwzk,2868138911
osmo1uap9ng5ef8s8g7jx4hhm9fuk5j98zr0r8kzl29,15610937441
osmo1qenqkhrwqe9ncz946ehh2qeem2nk9csy5yddua,4203258
osmo1wqadhahhquw0nwqczefa5katv7pc4hg8l82zx3,2199674
osmo1crfpn56560sq49tuh2nz6qzd7mq936yadjxxm2,154069005657
osmo1cxmwp655vm65us07nvdpzvq8a8t6uhf5pwanmp,20489578
osmo184txujkl7tef55pesthuacutcd484kp7vf023e,1059050643
osmo12apcjlfq0wmmn60flu0znl5mf5nplkwpdc3xhf,12366615
osmo1jg8rree47r3gjx8e0auk4324z5tqg93tsj7tht,47201188
osmo1y82uwtcd22k00qeka7lwlhqyfy7hu98wnkap56,205612783
osmo19a028qn6v7kxnnvtfldts80mhemfcnsvrz4a67,4031183
osmo1klk04s6spv05g3en9z3c6pz4hstprd58malscg,48791769653
osmo1dyjj6wz0su0hryl0mdkwqlejsg85gsmeccx9t2,11194289
osmo1d24ddxn9lqxvhk04xjlufa8hnzcmk6n875a63k,19451486
osmo10w4zdc3u80xd6g9azz0ux8f8dp2y379qahx27s,10000000
osmo17wvdmx4hzxksa83ck2cus69zs7nhtfc5mheyv6,31955575228
osmo1ps0c8famjwqyl8fq9ex3gt3dlvjfahfm5vkl0d,3291687370
osmo1z92vjh6xygglrsfyr2uc896fftzypzx2jgu59j,56097693
osmo1frcsy8c0hveq2qnutl0r6rd4dfe4es47xq4ly2,22092062547
osmo1e6nnnhvtqghs6609hejh0629nmpu675ctljuqj,8929526417
osmo1ld3erjxvfkuez6cfzu9gv7wzlyvaqc4xcs9sdv,281413051905
osmo1wrzyqgh4u24cwdyx9cfvltr85mu0u80qpkwh5l,3599807287
osmo1sp6azqlt5dqrtzjtqsm2j3ed7r7vuagttsx04e,4373445321
osmo1y90tjhsry79xqa72m2gfasa6ny82qr63zh3eyp,9037706
osmo1xfnrhyjydhsxmqgfm57vratvjejlnv0p9ermtr,157632190
osmo1dq8mfa6xy6z4xk3wme33af36pytfdha3rt6p8p,3765
osmo1kuqutflccd8afl4k6xfvyajkl9ztpx4mrhq35p,2514710197
osmo1v95063gnzwxg70rtml7snr09xsahuvs055ntda,1328280721
osmo1wfz4a46wytahtmrj24pf8w5gjfwygkd2pvzpq6,303019091370
osmo1s25pgdcmfepr7nhg0ycze53cvwqu0uapc3pw2t,271497038
osmo1jrk63adguxav7haparkx558s2g8uq3ezvx6k49,9071150501
osmo1craaul8czwtwndm76fdfxh7ulja2u4nrj8hmj8,49543193942
osmo1xvtwsglmc0tzwzr5c5mklmt6t0pttdhrlm9z7h,160756415
osmo18ekyky37lmusj9rsfru7f5w7p0krcfr6ncyac7,44911250443
osmo1f9lhlq4p44sp4t6cx6q3a4kgmlaf8phmg85g6u,14405766
osmo1vl94vs2g6cdxrw9v2xe7lctnxuu2cm5e5z2me6,1000
osmo1d0dnjle3r85mjanujsaqrs05lfjecj3g4lpc64,1183904143
osmo1uvshj9ryy3quncu7zdjx0n50d3dfuma89x4xyh,125986935
osmo192efx39asry06n8vy8drvs8z0xyk47vrczk5an,3171303677
osmo1f0rwjxux8gwqhpj7jrp3va973dqkcc6eckplw0,55549996750
osmo1thj8ncaa2zw0uk2jnf0v67kqll80nctwqpuhuk,1942031614
osmo1dmyv4m2xk5z2wp0h4zkwdsdpelwqjht83aef9n,113815222
osmo13s78pwtx6swyczzj7hrwa6yt6vpx9ppx077wtd,451630227990
osmo16tgazf3r028uuh32cj0las33c0fe4xp5j54rll,3045169903
osmo1qu3x3zfe8zx5sd4kntsy8dytwmuwn6qkl05qza,41430085
osmo1y899dtyacpmmya099jrskefn3r8gmnt8y3e9kd,591287371
osmo1gr0e3pj3y6fqvzyfm0qxyw9h5dwfrvh82hzknn,905740
osmo1mgqmyu2u9gt8jettpa7aazj5ys5xx9w4lwrpuq,238559591
osmo1y0q4djj2gra5v5fh6yjhh6q63dvatxgaallce9,9000000
osmo194kwvtn4qgfdtvvczg4zmjtl9s67kylc673338,1000000
osmo10khrype2gwqqwpxh4mww9xhwjewjhu783v3urw,3811
osmo15myzmm36mpwz8jtdkwmnu999pga7tllyrnvu48,2798890987
osmo19eczhgzw5x8neq604y4z20d0jezdkjsx824gdh,1995450
osmo197p6z6pyjmsjszy9s36we5jy5agrtjxl2t3grg,798850
osmo182m98yayxyzek46m2dyxpepuauh60wavqgxy77,25671894
osmo1kg6tr8uk6fx6sahgfu485vu94h65fdcwta2a4z,10356392399
osmo1hamgg3vjvju2nrkjshl0wpqm5r3j8czswv80wu,1874179
osmo1unc8m95em9d8d6p56qe6fwlzkmr550762a26m6,337395
osmo18rhhhf4e7fcucfrh0xutw2395rdzezvy4kuu5c,35409624702
osmo1fd7yjkhd8rj647cehx6rwnldrjahe85809hk8l,1019
osmo153ksh7y7q827y8qufv4saf08s75tykcq7dcvwv,2107606034
osmo13a4dtlz2wrlnxhnvvdkjj99gegn837cpa0vt3e,219453621
osmo17l4rsnfmjhp6ysjq8l0cuka92jydy7ntlp608d,794
osmo1p5tnd9ugmtfsy9xuf7np6egv0ep5tew3elwctd,16891653631
osmo10mk7avkp8jf9fp8wfngsgpczjkhfhjva96zxjw,9835
osmo133nh0factuajhedlv3gy48duvg6gvnhkm4evd6,75068913544
osmo100wsyuh8wuz4cj0eulykmxes2t33aewvkm7j7x,18279500
osmo1jzdhw6dnw6jzaamh5njtm9kmdf0t46xnu0m3vr,29548962
osmo16z4wfpkjppd2k34s0ke30umz8wnh33je6jnrva,79811199
osmo1a9jefyacu7n8nskfnysqx553lj32xykj5ltsyv,2146107564
osmo1g5435cjhlm4s2nlmwln6ess9x4lc4qgdpzj6fg,56228
osmo1tl3gtqmzk6v2tqcfjdnrc344hguwvp0ck3xp8g,1310396
osmo14wgrfjg9547eqwa6654y2m439xj9n2gzyvrpvt,731538603
osmo1zhmlsv7jncpt3a4n0qtg7nl7f7n4ejsmj6v99l,66743056448
osmo1dhkmvjqj7qjx2w4fxn92r8jzaj9vkdan40p8za,13106836
osmo1uelxczu4d7a0k8h9jf40wspzrwumqavhgc43gf,6615
osmo1jqjm409rumq68t3edx5p5kjuyvz6fl3ra4r2kw,4482667250
osmo1kw4tuyhtcnywy4c4ae993h8xqhsd0z8mfcyqsf,100000000
osmo1kkdnjhxvarsrz0yw248pcrsavvmm4e5r2vgfex,48632264
osmo12ng4pzq5c5lsksn2w87p05w6lachhvyc5ahtq5,15301216698
osmo1vgqgdk7lyqz4qzt7lmfmm4eacf44uvt7rmr9c3,10061043327
osmo106tepy2xlkdxtpqu3hfhdls2qp4f6qv2lfeq5c,1298348
osmo1075l6w54fmgv22qntvmarr9txaeu23lcjtuzva,394065834
osmo16cps8cklmw90nrn8gq4pk5rjhumeluvl4mcvsh,185872323
osmo1mzqqdefelwlfhyvrkgzsqns5mfwslssw079lxz,4000000
osmo1rmajk4pdv6y40kq0evck05gksuru6mtnp970l5,45000000
osmo19drg3vu308fndl3q0mltqzjzm4x6ew7x3kauh2,89361601226
osmo1f2jh8zwxxkxk7a7cdf43taupf86qxp29680xku,1084
osmo1vg3q0k99hvwmce5f7pd2lxs2fual73ercns9l0,20713014611
osmo13h58fkm34q5p87xj2s3dwfcv0pwg34ks5fyava,608
osmo1557ytq6hz2z2jeu3lc7u96lzuvt6cjnyafwn6k,308076131
osmo1emwtt5fxv5rxltartnf98eghvufcf66lvmekrm,4737302308
osmo1a9vctzlxf3hwcv5qasstjt36kurnyq56hxxd6m,39193978964
osmo1p2xzxsmpvnah4l8fer98xr2q7n88gkm7mxw9nq,544813
osmo19f530dh42fea48pjelmnu4zg7r06ty9hpyjvtl,47553989903
osmo1xkrucac2v64xahsltlaxp9mqsu4tmzexw4aqeh,20377277188
osmo1lpwqsglnrn8h86pfcuavc39w9d4xdumxyepjwg,29375868
osmo1w69uqsta9vmknycq0gzk88g3zfzccyafd0cg9t,12824
osmo10lnyuehp4e54t9h945u7vgsj6vgmkc04ducfus,404789215
osmo1nm7rhvcvwvmddu05pk44ux9zl9l2tz7drdw6m3,52465695529
osmo1cjuf8dv9s9n3pxfy79yaafku7kxxmfnpd22nkq,52989655
osmo1eeeevm62xdeeclnda8pn39gnlkqgdzjj53ar76,159000000
osmo1qn082mqg5uzu0z2ddf6ess705dy6k30sc276h5,19533335
osmo1pk2ukw6xxyx7rx4yawnu26uqagq7g4nl459vuw,17857334145
osmo127fug53txa9pevsawsu8mumdlv6p5cj2f76dnw,656311968
osmo1chqhdqr450944avr870lnqtmv280y2vdhru7gf,6256495497
osmo1e8gddqsrku6j9px3qwsp7kd0lruastrhvm6gxn,844786191
osmo1j70e2x77px8tjdnvh7f0v3z6s43vzth4kfpm0v,1512249
osmo14cwp786ycjptmyr0hyc9593gnjydqsddl3nwl2,6088414087
osmo1k03mrr7kvvr8cwscrjcvhs5r6r8rsg40gwrpdq,8832694
osmo1wttvygfagyed3jawrd6ujc9nwfkdm22j39swd4,138613909
osmo10pdrjumllfmd3gpuzuavgu8q9txvcn9e44n32m,138552400776
osmo1exu35vpupy90jgwk5n020ujpzt66pj4mhw09h3,169099943759
osmo1nx3chh7ju3l28w8nsu2wpf3hhqfkg7lkqnhzn9,64977
osmo150ffpharaxjtavamj377gzznqw480am6llyxkg,3040281088
osmo1kmkrh53dkzcczzer30jw8zalq473qxzsnde238,10000000000
osmo1t6chahd8ttsvs4qzmq89gj8r3efzf0fs0ctka7,12696361302
osmo1ke6pp5sj5tyypaw0hzj6zrg57lqwuwvdgcq6fg,54751242
osmo1zmqp9gvrn2hprzgltwhu6r8zqf7pfzsfmyy25m,32547183535
osmo1rew6jgajftk24ztavd9mapr47m24e0c8l5pl0x,38724959
osmo1fttntqdd8aeyqa7yhqm9p7vww0xfpgmddq4al6,20000000000
osmo1yxp82qlay8768867clrg64kje9dyv4y6tveu52,2127166488
osmo1kntuen5xjnhhtky9umnu5azy5emed7d8swvwxz,1929278
osmo1um667kp9wuqfy9xdyvsgp3v448xcukkw7ugvcw,16620602
osmo144ksgcw3448ca507zwpss4apju2f8zk87ppp23,9727618252
osmo1e05r825g84rvmr0tmdzun65yyc3sp0wkw24qkg,62000000
osmo160rdnece5jnr44qyurl4nlfhqjz8tmfav75ea6,5596618807
osmo17xu7ky6hcpa67733w9afwkhfdundhnpe45eavz,805348848
osmo1lfhwjltnt87wtgr47fn88w5gwmzka2njdnrwtj,1679024116
osmo1twyt308kpr3e5lxadllguzfz9mh4ny5z4v3nfl,22503748
osmo1dtz74l5lzrtpwpv5rtt82qqh8fx9urlsavptqx,188273891
osmo1sv9fqr3lz6fhn5csjy5v2ydmqwhd7ld7ljetqe,78991
osmo1gvsqfvq69rgaq8k80uydrggjhk9tcscsg4k6m3,5682923037
osmo1vxqe8xmtdwe46kaggv38pgk66esy3xaexckjyy,66841285
osmo1vwfl3htk7jjvyspvdzhjp8medsafdnfpc0az0r,8797008
osmo1dmc6kwmc2cmmvcyd5788whw6sw92su6yf6sgmr,200467588
osmo1wkzrq344842h6ze43p37kx6ykgp5pacat2s8mk,41895387850
osmo1zx7nmp07426hcjz377c7lkwdpgl6gqql5dx63h,11865375172
osmo1yxw7a7f5qxnhchzyfu0gx2j5nrhhachml6qrh7,231972589
osmo1yk76cgynxsllj0aqsgyjvwg3ujhps35yaae6sx,11342381444
osmo16x9yvymgkvxdzcpxnhp53f99tw539f00cs04kn,92429669
osmo1ahwarfdl7agy4mwcw4s35k7rw3j3m3tg84l9ue,189628175
osmo1shs58dd9770xwfyh3d48w8sam2sm5cqugqssl8,3106652
osmo1j74acake6d2mfx4ra4rx6p7cuv2z8x8q84a8tk,22590765123
osmo1cnaw6vdn6a48fdmt8036uztd3hx06uwr3pv9kq,48358911957
osmo1qk5446twt20e4jsyn9j3dsssdap40esx0rravg,1287847530
osmo1rrrmtxt8gxaxt5ffrvnusm7hrq0ul2z2c0rxyx,12698000000
osmo1vv2nm8tvpyx88r07hx5x4zyctpkztp6ycvv9nj,923662
osmo1djh0fy6yh98ej4hxhx3vez3g3sr4glg7v437vw,4126168531
osmo1afyx5pqz9cwy4j3uzpnu4m7qt6yw5vty5ny24c,768508294
osmo1qguemtvt4lg3he9zlrxypmz2djq3vd5l3jaeu2,1100444577
osmo1q3a63z295y2rgnjglhw2hangmj5n0gmltdzj3f,1234604072
osmo1q5mey2lsfpx73cpkhvrx3udfyf5rplwxkvm7hw,31725810
osmo1lg2hs8f3xqs8dwntxxpchumc3watv8wezmtcje,3344727893
osmo12upe5nyhddu54fkkv4we06a4968tdu0xtematr,5763510
osmo1v0ddl2nmezj4gy2j6rxg79qvdasu4r0tfahnnr,1
osmo1qmxtmwfhjdm4s6sxa4tgallcsfrz92zsx6f0ml,431570626
osmo1pe86xhx330mwsclk8yaawhvkkyjwlascx55pul,3781446027
osmo18jl5fluun3dnf22zawr7nwtnewwfw5w43glzat,13519621
osmo1kp2lcnr3n9l9mzf60233nslc8dfvw6c8p40a34,50000000000
osmo1c3xhz65yh5qj78rp5tprkckdga263wfl7mmgp7,97701270
osmo1z9qkkvqnx4kytx3qpf8nm3r9ltjys6ch888ntr,186004584
osmo1ddnjf5dds495wv628y8p4zjw4n3tarhlcdz63x,125260096032
osmo1w6ksvvaeyflm3dr3jlr6ugl7rpe9ef8cj904dz,9013473388
osmo15x5rqrm69j89z4vtllzyqewn3rhvjffp7tpknc,1307386558
osmo14yx24ypmv49xq9wwmhkmxxdqldektjnl0y738t,11847403
osmo1r3hwxqsx8k3yvjm536xk2hr868peuwv02qj77x,131613108
osmo1treczrfhsjdvlfvcgldt7d94wj4vhk3r228f2v,648687611
osmo13w8rmxcxduwcsj0jda7zmfslar4esu7sv74avc,2065435684
osmo1rd33smk8t9ejuuzy4ycnk2dle5v4dmsq7yfcdm,1000147355
osmo1t9dwh03pyhe94u6x9d7a3d48dd2kcl63l2uccl,60412160269
osmo1cax6phehjp0u4rjtrf3vzw9wzfzhj7x9747dr2,3177316142
osmo1h4ll6fjtwlu8a3a8u8t5cpn74a6lr38mhdfxje,3779982
osmo1djs8najgqle42rrjefk63ns5xc20ymfkc3ruw9,28614373
osmo1we7n7caqkkqznt04xatyyrfayy042vtpgs03tq,278987318
osmo1sr0lw3rnl4u3zz7hxrek0pp26hjhapectw75jq,3180340083
osmo1kgsf6hr58dz4nmn979uf0508l70ckzstuhwrwf,13390188662
osmo163mnq45h9nvrm7ttt8wmuc6tglxeewpk9n5mhp,8635989506
osmo1geswdpueec8llsm5l9nmq52er47yc2fxg4z7hk,27340311537
osmo12u0d23ryuzvhlexyq2mhnl5vtd6p29hyzay2z7,100000000
osmo1v6e28a6dphrx4suesw9a2mzmrp4nk8q9d7qeyx,7731469781667
osmo1j9spur026rhgj3fdepe5d6pnk63yszkhpmwhhx,19426679055
osmo144rzs2h5kq0usqsnrv3z0zu746ts9t8evpmrkn,341204783
osmo1eywufmvkl4805stahfkdt0qetc3r0zvhu53266,16000000
osmo1qxsglx7mrvvx7m6tqp320dnegldkstpfasct9r,3217949352
osmo12fz0syntncmnzyndqmuwua3txrlac5au0ul7nl,28503923
osmo1vj35dtt8k7vy5agt5td2tcq9lm5x748a5gsars,35725321
osmo1ur09ckdnpr5ju6qfcry6wcmgxgdty7p8l33wd5,1155480145
osmo1l29vxyqmwa07x8k85zlu8vzj36h0vaym6w4v8r,6209771962
osmo1yxjrmygte8ea3nqf5axqwla8dd4m2ydk3vhgq3,917706554
osmo1x0yvnv3e0ut4qhwvg78vakpn28v64gkj95duaz,8023306097
osmo1glf6d87ugfvhfc0tdf0acnrhqejn2h09pxe726,19257140214
osmo1jjgaptenupkvczlxzryjgsnp5t0aktpx09erhy,37118689751
osmo1nztdgv0545srvxkm2aphcfc0esgvt0zg6pv8k2,5768171271
osmo1knzlzrhx6war3te6y20wd3fht875krwngmqan4,479409487
osmo1e6nu7nmdsfwdl34asqk4lfx5z30gdkq63pnjmw,1469518
osmo1pl0slvr8xg82l6ltd3jjnf6m38teqzah57wh8l,67000000
osmo1yrauldplnf60t906upsrn7l2au7a7vnuwksgqq,480000000
osmo1dztp2jkds6m7yur8dsup44za272qvxehmyd6zx,5000000000
osmo1wmvenw9z2lkg5ej7ur34nnhvdgn7fla7gef27h,2109524022
osmo10gev5rcvh8p57p26fwrtdenx6qx0ywsdrasql5,7223455177
osmo1sc6jpnyclle0fgqtkx8kwx34kk4nc5ppadyx0d,21570
osmo130jpwnhfv5rjt3djyhl8aap3uvz4puwyxffnae,7508791
osmo14ph7s9lhh57ky8ut4xauthe9dmxmllwgffyd0r,5882283872
osmo1q6q7uhm8kvz3wfd6rxu08ng9g38yjzt3duuy63,3038150654
osmo1xs5wpplzzr6sxhdzytjj0jrxyv7km08n9yf3zm,8908223336
osmo1vrg6g8jncpyjn03f6gqnks27adjd2c2x2323dl,179774536
osmo14yyt58k95qm75xwyswvswzqqey8df7826h0hnn,1331535446
osmo1lvlpgwua8wsmntvragug80ldnrzh5q0v6ayajt,14935262
osmo1ppxf2pac3y95fa9w08qg4yayg4a9vsmqacflhg,365211
osmo1j95k04dkf45pn4l6hewf9qmkj4kvwdf5uxvhpy,2650249506
osmo10al6lxzqss8fuwnrtd4atuxy5wz3529hdn90h3,6084780948
osmo1md5h66lnm24eqzlaql6gl4j5w2jzmd74vkjvrk,1699443030
osmo1zcfgj5ctmnlunql9xgyz5tdpk88uz0pn0dctey,19651143473
osmo12k8zcqdluy8knz8fjz3jkdr0jesck6d2mfh7tc,44916442500
osmo1w3vdm29dwgts66tx72cduvku2slhdytfrdpga2,34905115758
osmo12r7ggs3e93uu9lyjs8zlneymldkhtme88waudp,433336668
osmo1jxvjrmrjvt5w4e4taj67m0hygwnyx6yedd0lmu,115146246
osmo1e90erfgr4x5h3rnwr60mhy2mne6r04ngw4plwr,648121605
osmo1a3q6pye03gkfdv2fs5k4qx5nm2lw4anw63cagw,173420309
osmo1a5lqlx6gy4l64s8qdmetdu9gm0t0q6vyau2es9,3426202548
osmo1pwza48p44cu9caawe47kvlzqcjzcuhkmxtg9zr,416443
osmo19s5vme4j6sgdagq9p0hywtcr3vftar2e98yt58,622165
osmo1ghrhr7asllekmgs4pccthe6wekah8fx9acmekw,202786128
osmo1nmatvm6g3gfvsm33h3saw3r758xwm03gsfn4hh,10000000
osmo1464eah2e53su486za0ge2mw8r2qmcwmauhw7u5,78144241701
osmo1kp5meta5l2nq7drz0dkmzf882w2yl8rl76x23t,2577879562
osmo1cjtgg96rx59mm5r4k96trezqky6e6rlrlhqx94,14999995450
osmo16a8guvvcepjtepfqx9zp7g895htxqn24wxkhgv,30618542255
osmo1qfafru65rzt28crwgmxezszc4srt0y6gedn4pv,1225617055
osmo1qkjcqvwclse06h5zvznhnp9ngvzz74z5ah0edq,1
osmo1nge04wre64qjlp7qhgu2nzfzldxel6qn9sfkjj,269906784
osmo1anvl823huua7g08996p9usv3dnkc43q78ghuzm,123589149
osmo1706pzz5hvfw7222548m5hxmjv728qtwwwwcdtk,478481
osmo1ylxc3qt2083w86hnkq6l9ru6rudh35fnr4xvle,1013055737
osmo1f4lra52avyw35wqetv6pemcn70eqh5pm0mwe5h,4277240100
osmo1mv6q0lzkg4nzu9azm2udnw0eyzpdsheazgf7ms,25459666
osmo108v4qquz7k36r9evrem6zf2z88ul82mfjdqx7w,127116358259
osmo1sgsh0mqyq89trxerdta0jm0rek9f4rt9av6sfu,12047
osmo1eu6yf2wjl45qqk4qyj9u9eruy78dk7wgzw0vf3,2596236
osmo16eq82r0cln3k3er5f337rrjhh9eqw2ddylaczk,97822955
osmo1p02hkstqpuv90h0mudmrrp522llxfkpky0a7ue,1999995450
osmo1gnarlmxpnn95xc5xc9dxzzs3a8h3luhyspw0rs,650060126
osmo1tggyknqtp3rjp3kswnmy8rp2gf5gkz8a5g6a84,6085488
osmo1tw6xk5jcm6j38kzfkw8tr2udjzt47drk5y5crd,5965614422
osmo1v2d0uwn3dj3e5yqr6tgy2xndddgchu3pv6e6zg,7270801725
osmo107e4c56a7cjch7t506rn8c6qm8e7vl7g40kh78,8194292124
osmo1ezhus9v52w8me2kjsj29smhmekwuxjk24tw502,348021850
osmo1me3g0a2nr24sjykmhvpl687f6zt66nlv7p0rke,8329827743
osmo1qwtfg8smvgft0vsaya7fg4d646mpnw9z755vt2,19841041708
osmo1r6ncfp9f8cs3ed6kwg30sssddshss4vw8rt00q,6843533824
osmo1gqvljpeke6f4q2qh58r763t5rcxvx9gncjgtxm,113622838
osmo1wf7tcypfjnf43kenjfh6n9ukar2avtlplmswu5,71344195
osmo15kf8gzwaegrlqh7pp9k3tvuksc4q9r48e3e3h8,680923250
osmo15ag562vmz6r5xx5u2lvzzy34gks9s0v68qx054,17884506710
osmo16wwmrvkvtfp4a43htm8fk4309w2dvkuv2vs8fl,106000000
osmo1qlgfw8znv00fvha2tpnq72xerycjmaskwfg8j6,391695402
osmo1zqwxrxfjtuc02qhz82s7uwvss6n0y2flc8d3ey,73583
osmo1futqnnp4lnsujwas80wdrdy4c0r2x3aq730jcx,2900808910
osmo1t82x944fy53u3nyxruzpzw9vmprcggx7jdx050,19306837
osmo17lamkd8g37ajjm5xe9hchje0ue0v70zrkn6x5z,2431286327
osmo1qwra375ylerzzlj5e0w7zezvawp9dz407k8wap,41974801542
osmo1rysg83j95sqjm3z22qhtgy7arey3uqcfqv7gdw,2462143636
osmo12wyh5wdaq7ej0tz5v8nkkgauz8cvlcdf88tp6x,2353513468
osmo10t8lusgdjqfnn9z2ea085mah9u65h839alqkzm,29158811453
osmo1jqxk2vnsptcm5t2ey8tdhclcc0j0cjz0ry8lna,18483386654
osmo1keqhrkaywu8sl0zw0x42tkd5r5h5fnhsjmlwqv,15052795080
osmo169dms0hvuet576fpx6tjkglqafje59pk2grd73,55824562726
osmo1mfnzy40ft3rj89rct8hfwcqu0ft4w99sfdrq52,1338778458
osmo1gn7txes9l5xzz5km0wcg007gsgpcemfupecuvu,3356451752
osmo1d7672jq3dswk7drrce9sesjvdlz3ltqlr37ujj,94099436
osmo10pe29remy92safn9ju3dq8pyy5tqkhs0ruzxa2,438137222
osmo1m96q4xs5vpxx7nv5tcmd46aavrwweksaqdkz7m,12843516
osmo1pzphakhuwktym33ak76kvvtxrfth2njlccjpxu,122450775
osmo1p2lx7w0frsn5h4s5flagcq6vfslukx0c2c8lwp,450337464
osmo1496xl6gq5305rs7p8e99n3sw5v0mj54drhdaje,1128672160
osmo1s88245t9t3e05jsw85cvpmdfydnef5ypwapxkl,13292
osmo1sevq5s6rdvtkeex4lqvuzvwu7gwjlykuqzqd0q,227766637
osmo1mef4d6l7ajxl4k2r4yf54xy7v50x979ue6qh3j,2989905290
osmo1muyfqq9t9mjzdv05s2xx3g97frln8029n9ms9m,1102416782
osmo1unheze6umhvz0pqfvdgs9hattm6hnfkpvl4dmw,4198183387
osmo19kj40t8ht38f48rvp4l3kdcm223sns7mxz3wsc,3087264554
osmo186ze6lthjc0zhzgcgax9wwjqqdly6g7w204e4g,497362199
osmo1fnu8j0flhzkvww9ydk77u7fqaa4fltsavydy32,902760372
osmo1jnarymhuv932pmct3j6uw6qzpf8wx9g3rsmxp9,10040390954
osmo1kzqv5qcpng2pw5s99mk2d3nmefx2h7ea8jay4x,1367384865
osmo1m8sujdcpc38mtcn2ujczus7v0d0v7830jmy9fh,549414978
osmo1me7x3dp0hp6vkpw5varmlgrspst7wuay04pdc8,18397734107
osmo1mlnwcy908av4fpzttdvx9789s2k2avlrsau4hd,6518776735
osmo1yy2ryvvmn3q9xcn87ek520rkdzcgtac39s7ltp,383649199
osmo18kfmzlwmg9fkxudkvutd9c44ch8xgw5jrz630r,1505130439
osmo1grqxpkak2q4czz7dtwax9tv6ftzerzh9e7qt6x,2805847940289
osmo1wnfn3elhhtzxmqvpws6x0meu50rv2r5amex2sz,480101678023
osmo1cadcnvunlf8rsmlm7g5752yczm0t8slyzy5h5q,363550845
osmo1efwsm6dgghq4d263pahx4t47r9mgnnsf6sp7nd,5000000
osmo19zsadj9mhmwfadxlyfyh0kxel9380l8fdr37m3,5721972
osmo1frxkverz738fuaw6rwgyq6qjhndkdkg2ekcymr,286975279
osmo1ddeqyvwn7vtvg78cpa3rlter89kygqw5rkmx2h,2000000
osmo1m3d7jqtjnhuevkxg6t2xzk2cfzxhc80atmzw5j,243
osmo1m65haxvyfdvv7marjlqk9qprkgtsd6mwyrm2pz,1719678780
osmo1a9l56d7j53qwx69jjwmcq0s3y6hukeeqq945cv,52180456
osmo1a3nm66sw7ejp454azqem2d88g5m7lc6d9pzgcg,639683247047
osmo1safl9zm3u5ychqeja6c874k0pdug66gccflec8,2928419927
osmo14v9ydnusz7tfrzk9l7em6due8jk0h88wmmmgms,106312928236
osmo14a4ut26eggz57wryqdz60twwf5v7fvalzxxuup,1278816160
osmo1w6dpa2l2fc3v2rc9dpuhqg4lt6ykvlqgg59hun,1144422137
osmo154a2tp0pytlttnyh452c9cud96gujcz9szg8tr,117333355601
osmo1k6fa2tz2ww9nn3x9pjrrcnef8y8yh0989psqw7,17494461649
osmo1ys7s8x49xev0t62mu5hw5khyv07l7p4fxlyrhd,55082543
osmo1y3hsr7nr2lm2jc94q7ljppq4amghr6v0rpuctn,884938613
osmo1w95rt7227tfnmt240sllz4jw4mxtu3d6evjtk6,14412723443
osmo122hjrmj8k2f0lc0m8nepdysgx9f2gan2jn8s3u,500055
osmo1v7xu4jfly2nwm5y4lxwyr9flp0cqrmkrp2ylgk,911717712
osmo10p7lunxx39ect27sa2mnvdkc4qewdkz82ehw9m,250019991550
osmo103v3wy2qccy47jxvnsnxvj3r2lhxcfavn50n9a,19712925779
osmo14hpyds7vlezfpnjedzszksh3c70j3ld39ysck5,244480849
osmo1zqg753ll6zf85nzml67ure8zqqkpyvw8ua45zu,89337469
osmo1x5v2n5p5x0ucxd3crzhjyw7ajnlm0sqdpjwxm5,1328807909
osmo1fkh0myvp092lgt5m22ddgx5a569ls78wy4c7az,148394641
osmo1kjtmkagp4fz7tx9nsu5a2xfnz6m50nudu6nw5q,55624420
osmo1unl779zjn5kuukvcc8tzl322mc0kwmct582uqn,1399
osmo1nc0hm70ujjdc4z24fzl3t27fweerwdtqts44r8,39086
osmo1huaayys7a8uv9d6e7ps9avzxfm9ffe955sl7hf,346908
osmo1ups8pwf6u5zz6ttl9rjkze96lh2hxkrn3vjpqa,6786842344
osmo1lykyf43e57l9j0y84twgg2gm73k06lqax2vqg3,2000000
osmo1xx2xqk5elvf0ry56jppgwg8twma02ygx9gvu70,221715255
osmo1d7gp948369ha3as46uwkslhhrq9sg59le0e8zy,305993685
osmo1wnwwltj8xynmmres4mp0uvtm2xjzzjf8y5slaz,14094509930
osmo1fa59jlnx2aljljp7v2n9thc8ul9y74pwx35srk,2533740
osmo1vrqetkj7ejpzersa02lrwy0hhxwn9l6qzg6322,1801780384
osmo1h9tahv95naedsc7gtr76wrr3lrgv6tnras7mz2,5627340488
osmo1tae8mvcprwy0u8crd26sdm00wz2zcmxdxjthwy,64359400
osmo1da7hanfd23muqanzgcajx60fj5cx07fm2hy6ue,7612211606
osmo13wxp6dskh0ddpw4t3r9gtj6qntypd824ymtcsj,211875040
osmo147up7rdrgr8qdy9y9qp9wgn5nwvhpnazp5zn0p,1209726978
osmo1czgenlrurysej03acgcg6chjgdj2n0uwtd36fu,17949550
osmo19fc22a6lqq5m37tsynt6jypt0e76r0j8pk3hrf,1262626475
osmo18xvpj53vaupyfejpws5sktv5lnas5xj2kwracl,1000000
osmo12nj9ld3h0sf58m8s5qmc2edwjjv9a4wlxfz6hh,1338835168
osmo1w485eafmq0mmmfn8ahv0wdgf9ewfd72a8c5q7k,219079867
osmo1u28uvarg9j5hxhhrsy8uuagvfe9qm5t3cv074k,57829823
osmo1yrr7gkveqyrf7w9j7yz9dx79uvlxfml0candws,1298611390
osmo19ljwyefzykr3gntcmk7gthwk3ujnnl9vvcr745,7845899109
osmo1gsh4dmh9h6v9hz9kja0avltfzzndnmpnmkxhwn,472280
osmo185ga4ruesqx9x0ekpfqhkymklu9yxxnjg32smy,397431009
osmo1cy5fvz0l7jg5h2pctyqe7lfs4nmycweznty0tu,2596099200
osmo1ewrlwrchdhp05x98v7q8x2k83huuvgg847q6nn,520095
osmo1aenrp6mh2mrv2e6caddvjvuq5ere3htcsp56sp,76775
osmo1zxk6ztgr7q4x6sp2dxq848722wkqm8hax3n7x7,3167113880
osmo199jxlfuvrq3dzuzwjn94zwd7w07lvtdlpdrakh,453872849
osmo19kvla8xpm44zp0gj0gdfqfggh5m60p8rw00qtc,570115039
osmo14d5fspl4w58feys3mrle5xa94avf0slxsnsrxf,741777893
osmo1kykrr9f2uw3jxcvs59u8g0guglywlre7c5rvd8,2543560
osmo1ay6entwgfpgl55renatnyc9j83cpc6nu3cs6af,64471947
osmo1ah4gqurzv6r5qmv2elwwccspga4nfgaaccdkgl,4870963992
osmo1xktmy8nj4rrsygjp49pre8ryx0njf0kxxh5ygy,12633760
osmo18vl32emp67szy6945dt3q2lgnq5hv7jjkmzznp,23248044414
osmo1de52pfum65hg0musl66ycpg6ku6hycgqmsg40r,1705
osmo1fmt7y87m298phdukmmmlzfala7mqk5aemqyncv,290882738
osmo1d26ec3j9m4z467xkfz9q8cjkfcx78axg3xx4y4,602548605
osmo1js2sytlnx6ykqz353t29nqafz0fs3pz8hr93k6,1562000000
osmo1hhpcx7s5cnd9fpt2slj94t5yuczk7d5pz42rg0,10554722
osmo16mf3m45kd8vwaus8p0eynn670h0sccrw2zefjj,300499995450
osmo1r6u7x63g55eer8xmrf226f7ww2t6yrhc5j6wmd,52269664
osmo1x37sa2rl7rypw8mzzxkrdk555gvs7rlkmh7lty,23555897
osmo1xjye8au8x7kj8yas6xu6erxcr7v3ghzrp3vk3s,1819
osmo1emfyewqvnutez2awf3vfwfhq7exeq6568jtqm3,15498187425
osmo1824jq7p3xrsvtkmq0jl49pf6ljd7jhdsa927c0,4743383169
osmo12j7rg02evw2nuzsq2llh8acvnwd3eltka3vga8,1734250167
osmo1v222qaklkf4f2m9caczsr9kp6rrunp927qwsds,5054431918
osmo1k34rkx6hlrlr80nh2r503jq0em2vqgq3det2fy,13300000000
osmo1a20c4f5280pwza4649e88hjrq6qlaptxtzt57r,536556905
osmo17dayg5v2vhfnhczsyjwkn4t9ek79we8cryj4hv,4496923801
osmo1yvxjmyp3x7e39pyn5spd5s2nxq9ernstdq58fh,165889503
osmo18qzn3an37teg2560q93dgwe0q76ymv3fttrkqu,6418837
osmo1nh29lec5tgwd5s3c08kkaye05eflyty3e0s3rs,378177670
osmo16xld28hjxqs66j0nz3rqzepa36tcly97vj0ths,293253144
osmo1qg04faedykl4da9p66wk7937zkauv766s6ngl7,15479746
osmo19m2hz8gdwg495cp59xz7fc28rumanmyy5qy8sh,1000000
osmo1nxct4yw9m9j3xhss9cx4qkxgnsd44zsan0d24v,3898077
osmo1e25p57akhxk4nlx84lkenc67g70wwyue8wrw4n,9357642
osmo17peetjtq6juhlfaf9tf3vd4nnt4j9hc4gxrzul,271225250
osmo173k74w7c3pd9yfjg0mervs6kmcmelyr8wndl6q,2283698084
osmo1z6pp3jetecnv8y0t4gtptj4vca56uraq48epyw,10155092282
osmo19r645ycpjw9jzat8jaz8jehw90q7lr8wslymvd,1473671
osmo10m83wt7wnnlgqu3eht9tnh85dx4eynvfxjn7kq,65999987650
osmo1vw8lk008zj2xgcnnmkpscj8e6fs0g4zudzddw2,148208993
osmo1wje004dej67z5xr5l3updgaaxsh6gne0p3lu05,1171206
osmo1h9en4e6d8nz4y2hyrfeh3jl7h2r9qvmhzchys3,251191547
osmo1zxjul0ncfxe9zjyc9xctxfn9u60pcjmn337ekk,36726
osmo1r7nldu8mclqxg88y2uungugt85fuh6w4f504e7,173421358
osmo1fcyy0qscnz5vq88k4kh4dah8m0w3ttndxujnw8,30127441998
osmo1yj33l28h9hdecu4vz67n6j0r4kxhvfewzr6hhc,2393813678584
osmo1xn320ul9nux8tnkpplr2lnpljpldglkpaj0yz0,11784488295
osmo18sajp6w6yyl7x2t0prd39wp5gspq3vth3c2944,277351551
osmo124tztqwj5lkf434pq9jjcxykda2mn9648hyh30,199769576
osmo1nej2t5xpeflvq8cqfgwxtky9gkjjutwkdh0lup,28248
osmo1qmrazm0hgfk3u5x48achnjxq976y3my0q9j4h0,10106823439
osmo1z30pluzn357unqxje6z2peshkxwnpeftcuggqj,904111091
osmo1zuxrmx249sm2lc44kym8u2h4zltk0ugyxhr8hj,1572
osmo1esjwtvs9svgn3gd90tvd40a5d884j4ytwludtk,34234452
osmo1nc5l76cgdlpljv93afgn8pnjs9q8ktxlar3mlp,122148797461
osmo1us43h5chzapr6p4mkgxh3xqrs3d38nytpvvze3,1635913502
osmo172qhga42z4npup24asswryz70xshdv3mp24vkv,242771411616
osmo1rf8pwmxtylj57rdkrgl33ant4gyuagdut2svz2,9710994243
osmo1yv743hcu447vux5puqpsg24ykjxg6f7zf2eytw,39575821720
osmo120e36tfyztgm5qvgwu3tfla99l0kkf6ehlyamw,1573202
osmo1da2sunytuk8hly62nnl6sqq5d9wl50ku88h8ka,7443882
osmo104ptlr75z58apcy9fhxnzhya8nk0smw8a3g0qq,4303128191
osmo1sczp3a4rd0m7xqejnenz8yllq8gqwhasevn3ln,4399479931
osmo1jpda46xk76kdlvhrt2h5244cwra7s9k0gaucmz,1057533264
osmo155kqk45mp5097zepwmd6q3gpul5wquksx76r4j,105669248
osmo1qylrlkf7zefqwl6tytsy6cx96jsctnnpvch4zq,4202109201
osmo1gs4u2hrdqlzlz8f8nzpp55zd2l2jpz3vgs6vza,5240720
osmo12w2kh7hagqjeg2uf5rj6cdd0lg64msrz8wvzgf,154699041
osmo1cw73elmtjvzg4gjdy9yv7hu6nnfl8m7z4ah5wl,782499579
osmo1fh9vtq62tc2dwguslstz0gsqutpw8awr3yp7mg,249066396455
osmo1c7fxu2f2gltl856j2xvxnnnk5q4dnjrgkt4q09,19728823
osmo1uuzpz39w02dh5aren7pxhtucc3u32vr9gkx3cx,1451829
osmo14l8zyhq3gzxrdk8w6ygq4upnkydxqe32p4rvk2,177143759201
osmo1hmzk8ngj5zx4gxt80n8z72r50zxvlpk8ggsata,858791541
osmo16qmjm4kwdnlnanx0kwlft20vardd2hv460zm4w,268
osmo165zqnnnz50htl8fswa28tpmw30t58utfdvfrc5,536418046
osmo1m6t3lledcny7guxqz4a693jvk7pudncrg7eps3,2871474636
osmo1za9vymgyjm6p2nlulq5k5w85ee66hnq7vha2rn,299997
osmo13568aexpttmsx02r5x4aag2l45z5scgsg7pv22,521268431171
osmo15qslr9t468n4zv7wfvwx60hqksqepmr9zgjyxd,6558340154
osmo1lx7rawwqyc739ld3vl7ugda2z40nnxa4mq4wvn,543737579
osmo1tvf0j7un2p52xdvqcv88sjt7z89yhc7uuqd3ck,333002959
osmo10f9p4uryxfxxxavz4q00z8au9e0f36qs9t78l6,78753685
osmo1s99dsd28tg4egzqzy8tj3m3uafyx58xjl2tatj,2212966872
osmo1a0p6r4avzek37crjdnqg99wtjnfd9gym7h6cpm,111082670
osmo1zsexk3e5y6xp4esj3uatzrfhwfzdv4qd0grpy7,3851853734
osmo1rqmuewv89dc6f4x9s0nxgf6rpt2039fynsza47,13000008
osmo1y2m2w0g0fg3gdhsdz442kd3atd3npujha72uc4,177455824
osmo10rx4suuy4qy7dx4wl4x7kwvsv6f5y6a3q6sgav,1000000
osmo10thknvx4hxdy6vrd70w6lruqaghz2kcljll845,11011305
osmo1pjuk6w8dn0gj03hnxjt77q2m224nrzw7rvu5t2,1926011195
osmo1p5tnrl68znqj5knkg7ujfxrzj40tmvnvweywkt,2425124953
osmo1wqqvraaaqzfehyp0v5ulmtpswhf3k3jfm5xszn,3049661152
osmo15md4wkfqux35ak5rh2409yk3gx8l4y5syxea0j,934382128
osmo1ccwgm8exkzl0lv3dt286n3vmkgasvat3vrfyey,2798597496
osmo1uqpwch2jjy08zvqq874cf00knnfm9tzjvxj854,5003873577
osmo1gk737smj58de7pqhw8f5ud4kknjup2fvgcm94d,3483220
osmo1v3x2qwlkt02gu5t5ns4v804dp8e8m5ju8jju9t,666667000000
osmo13s3cx8kumsuhssscq5wprk6yv3pvmx3zy24t80,7658442277
osmo1szrv4zsvanyg5kwxlkkumklsaahcs0axxq622f,516063625
osmo14sxyxex66kmqjyyyrdwq8eker6h4ajamkkneze,2259230658
osmo1c2g3vxcs4pk4nxfy0fdw4g5m3wru9lryuhmg0v,4689218140
osmo16a0sjz9lwnzymhw66ghxmpyz7mlkyr5rrpcz0l,859840691
osmo1lrfg5v3zj5rmxz6yjpzk4l0ez5yrtguaq99jsc,63139074
osmo1pj9hv3z7sad5fv4jlq9pxg6543m4kp7ne5nrfs,140000000
osmo1zxscg98uapdsh5hmc5386vrh483m5nmn2uw682,10000000
osmo1vc7rratrsrq3ttvvrmtg4kqjp357g9e2n50yda,49853070636
osmo1suv9ry9l6daq43jqjy2ce6csg9jy7w5u48geqq,4359474263
osmo1jdgp69kkztar35rp0ecqqg5nh8h37jlknnxpnj,15000000
osmo1c3s0z48065n5ep375jlpp5veke7lvkny40ky26,160703311
osmo168xmhhyha6hc8s66ylzfzpdwca4kr8sk0ynq56,48519837937
osmo16myw4whljwcjkzy9cpdppzrurwqkqwj8u4wtns,4303049907
osmo1zzuttewnk3keg6m3xf2n3wxd2h7wkvj79q9fv7,305769541
osmo1g4v2w4jy9wqcky2ac2dcyd43j7r5jp3dl4duad,822304
osmo12zkfzxdcpkcmhr6uprpfqmfhhk7afpvjhg5grj,4961553043
osmo1amx4l4dnsr7kg47pnjsv5pkkze0wd8dfr30q24,320628588464
osmo1584cwxz9eh3x55tjlyx2kgrnk0wff52z9vjx4s,16671767
osmo14ju5lm64u26y7tncvlyjw56y367sxrvsxtf08v,462887963
osmo1lcs2dy5c26yukpk6qqp26l338c7h23zy02d5s6,3339429319
osmo19vt7cweuvm0x28u3zemde9kuzertmfmrgup3ml,10636354590
osmo1xy50z04t0c0gyj52g8qfyng8v8nkr03j8ak2md,579865250
osmo1d3vlz3m6w9d5fsaxp87uy94pwm9cv2gzunu0rq,96891544
osmo1cwugpt8jjpk5u49w96mcuss3fuk9xelkfu2nrt,294086318
osmo16qtfj626wqzrtrdnzjkxm7mct9n5pcld66y43z,140773063
osmo1ackww3x48lqcv69w98kgq92299mpu5rqp8pzsg,546887352
osmo17du97esur46k28s932cewjeguyt5p82kde3yyc,500357688
osmo1ppu05dz2325pyfxpzkqezlja95fkv4lvesl0yr,292345795
osmo1z2p8yxg9282pvyehht725l48w8qkpc8uafu6c4,15000000
osmo1d48mu9ex7msn8p6pe563hk54w8gyryv0fntywq,9749497912
osmo1xj7ffd73ldzwhgrc7ls07d9gv9jt4w2wm30zc3,147027993500
osmo18qqhhe9hqzjelauh5n2cavwsdavwknc22q4dpu,25658294124
osmo1f92qwedl98cy3d6wn48td4k0z4datyvjanq88e,45971222805
osmo1fdmfq7d6n2w8pd8jtxzywkrn2eth2tnnuaa3jt,5455685747
osmo1207fpzpp5keh5rf8fwa0eqq0d8we9m66a84v26,22786111487
osmo1qgc9r4ccvgrsagyl87xwc4kut7sdawgrxknax0,202302996
osmo1ze2ye5u5k3qdlexvt2e0nn0508p0409465lts4,362417587
osmo1xrdy98ykgp2njc8ry7wcpnvcu2df7txk7up4nu,16238158657
osmo1msqdx4xk4weuszznd2caed7f2s5ujrxg6pex8g,73650114
osmo1a6jgaxvcglwlh7f9fzn36fl7kupe8ur60p9f42,620741242
osmo1tafrp06z79wwdqmmkrvupmp3xaf7s84lq7dt5q,2000000
osmo1kmudycr2nnasthwg4cnewlgey6da2f2lkwuxf5,2453271472
osmo1m275lnn3g4nwscxkdhql09tnsndny69s7u7lmj,22086590628
osmo1ymukkcnt8guj45eujj0fmg0xpr4swkjw2zq75c,44540866
osmo17rqmycx6snk6pqa2fmlwe5tqvajnwahwm65a8g,13578568890
osmo1n7akar93zcs8l9hgwqehz4q5uax8xcryl8ffmw,593760461
osmo1c9u0hx5pfq5ghc9cv9dvz7nwmfuqwjc5l4tvqh,982379601
osmo1m9ucuwfv4hw8kt84efstssf8lpkcqyglam47k4,985791320
osmo1perg486qpgfpky57y73xamclf3s6na6eethvgd,11140094019
osmo1rruyxtw5ay44q2ek4sdnsj0s9qzxap3aevnjyq,969
osmo136ar53cpl9a7d83hsl8u5auzmuh8z24amzedc5,11912988159
osmo1uku8j8d8edtw0wdm8gnrmcrhq30yt55wv02gaw,2376400713
osmo1lc42h69qpqjvxhlvv40ggztvgfg4eqreefl4nu,12810286
osmo18smm8vefafhrujg9eres6dmzrlg694va99w7e4,40582020973
osmo1ve2cshw2p0nzd4pv07j7n6leudmp5cjgckcxcn,100733872
osmo13qgstjfnj8usyrde4la54wz47jl6fese89feey,4416614119
osmo1u0dcehf26ryfdvm2wkranwdgh70v55k7s37uy6,552145780
osmo1ajmtkmszd9vkv7agrxz2s9gux04wqj3zzdprm2,1407423720
osmo1qf8dxtjzgq7u9vty74yzl0a07weclpsju7fj95,27535860
osmo1r74vfa6far6r2suu93ejhgjgdhsdnve49fjfjz,1017082
osmo1c0tcrmfvd3g4edtpzfc3mc5ummu4a4njhqwwcs,461632364
osmo1h2wzg27qet53489e4gyv08eyuyvh2ny5x97jrq,1388767494
osmo1z0v400r5cyc464338x9wmc7n6v00a6j2krjcln,1736396801
osmo1ftrsjmlky6uts5lsusq08p9zdgq4gy4s57vlhn,164034603
osmo1kg8dkfkgj933rkt3c939e5qfzfjyvxjexudsu3,22797213145
osmo19fp6m7kys7l82vgt89a76k3uklcuh6gn3x0qk3,370783
osmo1h2an3ce4jz75a34zqv4klf86c0jlrwv7lc595f,4478565
osmo1c362wx6uzfuncgm4t0rex675pzxq7nmpej3kce,252510810821
osmo1w9fuy8xdh607huncdtl9qpfl9h6umc3y3y0q09,2390518645
osmo13jsxhp34y6apxf6qg0tj2a8635j2car9edp4ku,454365988950
osmo1n3sd4w4zc6lqfmy6u067zm3xt4sy97wej4c2dy,13591420
osmo1l8pqw2ce8andp8ht98fwhtxx0uz5mt3nxzwkgf,2749877615
osmo1zed7yhkeqx2575j5l8md9eplgma0plau35jk5u,163887
osmo1rmk0ztuhd7txscp7jr2srfjn5vvsdw259jz366,1522808274
osmo1x6j6lrkj48s0haka55d6kpaupmt3tfrh3yjxpw,4570079141
osmo1wxykrexsvkrqehdzg8h25ja5zem2j0nfhhx3z6,1710624906
osmo1sk95y804nlvtca82hx6yjcxv4p7tnjaeejvzlw,46965137344
osmo1n0mvxekzmlkmx7kagkyhzxg2hgf82uewqwxhgu,15000000000
osmo16297jnyuad560qgty4m32ns82xqpel6afn6sdr,579383
osmo1m86yly75j5vz3eu0ht6um0yh5ny32s3gal9pej,24171929179
osmo1y7qhp6k3rfx7hc5m3crezdsrnyysx5u068r8jg,1000000
osmo1xa3w0emdt5dpqfzpgzd70m3wak0hptt82uvc89,616350397
osmo1vkthfcdhnn4uvz83q29vwkx2qpzjmpue55nusq,75977730
osmo17970zjaf54zumgfwkmvslf63gwzahjngwg29z8,75249004
osmo1s8jvua9yzua8frtps5m79gn5e969tu00tnjfyu,4814463475
osmo144w2l7upgu5g7l8p7na0sh8hp2lycvll66yzyd,188386162
osmo1tp8m2yl87wrh7nncm7yvzs39s76pwcksdnpy3a,1749571
osmo1vgayqw8474dgua0za06ud5w9r9c3ghg2nmtrrg,2112551855
osmo10p2465ywlxmz2nrrml4ljlzxt43pz5ngwwsvq9,6270296
osmo1kcpwzw542r7lq5re6f0xx45e23gfd6xl8caasv,32782645759
osmo17ph7kwwdr6mhv32gr2cw3ygr7wn7e0erl9mg5q,2930700771
osmo1st7murqllz6xe8tfhqc70dyjty7keezd06t7wd,1767971
osmo1556xvf0m3jmr3zz2vujxz2xrpr8cmftpduz3h9,315092313
osmo156jlu72myv5dtvq9rxhjk00z60xx2805vvn9cg,414151981
osmo1kzgq8njwvhl2y05ac9w7hp95l7fnjll2s5qcjy,1287954147
osmo1gcsfr6ywan84nnsve78nx4ajzjw6qqqlh3nwjn,1749032848
osmo15x0pzul0xt84tjp563tpplrt5hu50w48y6y369,824314
osmo14tf0ec65lluzullcgsrlcezctdv0q53nry6e3v,162387467
osmo1j3p24vjzvdprntyf082us5g2h0rlzmycppxkxu,1414172498
osmo1hzgn9g4anff68xlmkv6n22su56x20g7n7t9lzu,138236678
osmo1ctyecdhdzvsqvusksjtkqv4yrsf7ugcy3w952y,40241099
osmo1ewh5lutayrggd4h77jqypgpa5eanjh0t29pld9,10869211359
osmo173eda0gcu37as4efk8lmvd8h0cvqv58azqfk4d,1000000
osmo1qda3nxh86ht7q3lmrtsh2jmkw5hn05w5z8t7pl,2154219134
osmo1px2s26qyv9lz0ds5lswhu5wjx4e4k50rzf3n8s,590159702
osmo1w6kj6j84xvrh5ys83684dpgpemu5j4nvj9sn6p,473250770
osmo17k2xmazj0z09d0hs875j547ejsqydgzgxufh9c,327640338
osmo1kwytxmcvcg2heyy96q544whnapx6s5rac5u3z7,688243649
osmo1he35wg8jd0w9xcggth2p4xz3k62jcnkx0k33jv,15223098
osmo17y9gdgxfv06f67vcterep6s3ug26a5t9h9t6pn,324802386
osmo1lxprahs9ptamq3rshtg8mhmztvxmkv20v426yc,15945843
osmo1tk9axpsarjyzu3emckm92n2ha0wgqcmv34dz00,50842573
osmo1v779pqxnvamjv2fkvfn27dwkteljnvrcy6rect,1068228
osmo1s2g5pe23expcs7n520w50ukprjtrefj8jwz76v,29414876
osmo1dv2gcjq7cy3zhjdkae0f7apnhe3d3e6e28zmld,40779848021
osmo1d4rfmg7gpyuse6yn534tsnj55pjwhnzpzhp9vz,14221217
osmo1s7rcjrclnjguy8pypm8p9zv6z29tfmxlegw67w,5679242617
osmo1kud5t4tmj3ul9kc7jyt7ktggj4df759artfzxx,13009816
osmo19s5uvkv8pv828wjd5le5fr3l7aw3antg4qkz6k,987227346
osmo1geg0tq9gmju8n89nhxta28xxzn8l7p03ahz66y,230013641
osmo1v3fe3k6q3efxqm6dst7q84vtkcgj3s095ft3yv,350951577
osmo1tsdtq6tm46djrwazk7hg4d6rr0zju4n5ddqe7u,1958647854
osmo1s7qp0r7lqwvhg36795t6lxz8jsuts3j4eezhek,174089518
osmo1ktkq0qln02d2stakzq469j489naw5w9lgz0ql4,1123
osmo1hvjylnwyhcz0vu0pdyzt462e9x4lr7twyv2530,103460544
osmo16rv95p5s82tee3h80hfer5cnrftkqdvfven6q5,987977123
osmo1pfsl3efrg7q5gdvngygp6rvlpc6f6u3zvf3seu,137051714
osmo1fkcd8dtx7yemjdpxf2e6tr2y0z7nmzaq5x0l9c,11460236
osmo1fct3hn64d50u3m5qzvc45ntnewjsylvvq308ma,338664
osmo1lsq36skm8gr326pjm3eqwm40w7lf7wkx9uxc7v,364290465306
osmo18xmnmg6t9nz6uglzyjhtw90m7203nwkvvvfnuv,333232000000
osmo1mrf9qsnvlq047rscmc6ftfst7empfvlk6gtm3t,284017358352
osmo1vu48ydhd6yd9evv24ya9f2w00acuhet9npv7al,22797485597
osmo15t6d6dj89aap55a5uzsefqukd2hajspc4z8m7f,64905316616
osmo157tjp5l0szsxj2yk6et8a592k8y2py3smls7y6,74811847775
osmo1apka5lydwttgfsz7a5swtcepz93fvlxmnpfx3k,944197721
osmo1lpulad7yud0quu9whrv9fxmclclq79866py8ve,1373084084960
osmo1zt0nlf3xte5hyqlzmu2f7a9r74u57v0flxve9m,29704804576
osmo12hawhuzynpfypmuemjkdt5z3shj259l6ywhzfe,501687013
osmo1v6epptt968tjeen2k9rps3vph4sfupwhqcp62h,1882226954
osmo1lt5wk2rfjw4rksysfpgu5zgyz54spe0avv6h9l,267744052
osmo1uasha8dkyf4kmlc8rw5uxqfh5dlhg4gtq4vpvy,5996535
osmo1r5vkkq3p5r4k2l66wq80yg96t67lsfdgaer6ya,99988300
osmo18r44epe6ju5pa5vd4rdf8yssqtrpjhzd7t6tt8,563514
osmo16mzlrkyq4hrzl6fr3ps98jfzjjmr57x0n7elr4,49771417
osmo10jtpr3rn62gwy77gpclwewnf58cdjv6cnwn0h6,60670161
osmo13aypc08r3nkhqcx7v8dznzp4d6473wu784jph5,89067321090
osmo1np0079lc7ga3qpxxtvn8me4jmvz469hlrldwzs,923595622
osmo1nj3cdral67qrxq8l8m5eq5fmx84l5mmjh8kf89,249479917
osmo15rknyn2q6rvwmj7hsdamf6lznvezz8px8nac4g,848431929
osmo1gmnvgu8tnudxu2ud07rpyf5xs7hzch49sfcvql,3527694934
osmo1fu2w2a5xmguy5s2p2vgg7lw3364edg6zppxcyp,25754388
osmo12ewca8u07ucnqzxp2gtky59mqeretalku7nuyy,54966164147
osmo148kccqc3vthyfxu37c83df38lffv8dcv3j8tn0,12290561
osmo1usl6upygejydag3xj37sl0edln6stctvsezyde,1625490545
osmo1e6460znl7s2taeazpg238gq3set35cwhfcl9em,552341075
osmo1ak3s9g052z5fnvh3a9vq6gdcfz6rctsqndhva9,110000000
osmo1pkcv0s35yx9u0e4jr7tkqp0edrv7ghuq6y5eth,239214819
osmo1ym9sllrjs7fs7urv47czxu4ph8dw40j0svp9u5,27353
osmo1t9jm7cheww4jwdjapdt8cffxaxnfwncfhus5kw,3774
osmo1w6tzd4sd0gvkg4czwar4pwtarapf2zls2s2vfv,80807113792
osmo10m4af7ntsqm6eysrvw52wmzsku3kvwaghgfmg8,121620435
osmo1erarlz2yk2wk74sm8v2x4cewuj8njwla53jcg2,86960284
osmo1mea8ylk49sx9tr24glm4yaza3nlqcu38pv9fhn,934921060
osmo1u6n2wsv6ezakudry922evz3v2j0ssuwzvrtj76,113478
osmo1q7xnymsy5j047sr5ssj9aaxxyl5tyt0xemfk47,5990563595
osmo1pdj2njrfntnfj4cdsyk4hdae5upk50y6rswwkq,33374726
osmo1g0ezv8rz38psvuguy2w5rgngpkk3cyxupe9yg4,5731402396
osmo1lmzeytaslf4urxf2d5pr2agjlhamhqhsef2qd5,5668048
